contrast,grouping,group,target_a_label,target_b_label,n_pairs,n_target_judgments,n_correct,context_sensitivity_accuracy,target_a_accuracy,target_b_accuracy,both_correct_count,both_correct_fraction,both_wrong_fraction,same_context_preferred_fraction,exact_ties,mean_a_margin,mean_b_margin
closer_vs_farther,overall,all,closer,farther,2592,5184,2184,0.4212962962962963,0.4494598765432099,0.3931327160493827,167,0.06442901234567901,0.22183641975308643,0.7137345679012346,0,-0.0026462959746519723,-0.010440879627878282
closer_vs_unchanged,overall,all,closer,unchanged,2592,5184,3145,0.6066743827160493,0.42476851851851855,0.7885802469135802,570,0.2199074074074074,0.006558641975308642,0.7735339506172839,0,-0.006353753584402579,0.054329324743629975
farther_vs_unchanged,overall,all,farther,unchanged,2592,5184,2933,0.5657793209876543,0.39351851851851855,0.7380401234567902,395,0.15239197530864199,0.020833333333333332,0.8267746913580247,0,-0.02325331833627489,0.05211023066514804
closer_vs_farther,length_band,compact,closer,farther,864,1728,873,0.5052083333333334,0.4050925925925926,0.6053240740740741,91,0.10532407407407407,0.09490740740740741,0.7997685185185185,0,-0.011999131490786871,0.014137762702173658
closer_vs_farther,length_band,standard,closer,farther,864,1728,574,0.33217592592592593,0.4444444444444444,0.2199074074074074,33,0.03819444444444445,0.3738425925925926,0.5879629629629629,0,0.003375874901259387,-0.031216473077182418
closer_vs_farther,length_band,expanded,closer,farther,864,1728,737,0.42650462962962965,0.4988425925925926,0.3541666666666667,43,0.04976851851851852,0.19675925925925927,0.7534722222222222,0,0.0006843686655715659,-0.01424392850862609
closer_vs_unchanged,length_band,compact,closer,unchanged,864,1728,1202,0.6956018518518519,0.8125,0.5787037037037037,343,0.39699074074074076,0.005787037037037037,0.5972222222222222,0,0.08491795165119348,-0.015243786490625806
closer_vs_unchanged,length_band,standard,closer,unchanged,864,1728,932,0.5393518518518519,0.22800925925925927,0.8506944444444444,68,0.0787037037037037,0.0,0.9212962962962963,0,-0.06821540674125706,0.11072195059171429
closer_vs_unchanged,length_band,expanded,closer,unchanged,864,1728,1011,0.5850694444444444,0.2337962962962963,0.9363425925925926,159,0.1840277777777778,0.013888888888888888,0.8020833333333334,0,-0.035763805663144146,0.06750981012980144
farther_vs_unchanged,length_band,compact,farther,unchanged,864,1728,1178,0.6817129629629629,0.8553240740740741,0.5081018518518519,318,0.3680555555555556,0.004629629629629629,0.6273148148148148,0,0.08539018324679798,-0.026177991181612015
farther_vs_unchanged,length_band,standard,farther,unchanged,864,1728,861,0.4982638888888889,0.20949074074074073,0.7870370370370371,29,0.03356481481481482,0.037037037037037035,0.9293981481481481,0,-0.08742647093755228,0.10991591780825898
farther_vs_unchanged,length_band,expanded,farther,unchanged,864,1728,894,0.5173611111111112,0.11574074074074074,0.9189814814814815,48,0.05555555555555555,0.020833333333333332,0.9236111111111112,0,-0.06772366731807038,0.07259276536879716
closer_vs_farther,description_family,explicit,closer,farther,1296,2592,1272,0.49074074074074076,0.6797839506172839,0.30169753086419754,131,0.10108024691358025,0.11959876543209877,0.779320987654321,0,0.015778620577888723,-0.020958758338733955
closer_vs_farther,description_family,situation,closer,farther,1296,2592,912,0.35185185185185186,0.2191358024691358,0.4845679012345679,36,0.027777777777777776,0.32407407407407407,0.6481481481481481,0,-0.02107121252719267,7.69990829773891e-05
closer_vs_unchanged,description_family,explicit,closer,unchanged,1296,2592,1538,0.5933641975308642,0.30169753086419754,0.8850308641975309,256,0.19753086419753085,0.010802469135802469,0.7916666666666666,0,-0.0522406628286397,0.07834649518316175
closer_vs_unchanged,description_family,situation,closer,unchanged,1296,2592,1607,0.6199845679012346,0.5478395061728395,0.6921296296296297,314,0.24228395061728394,0.0023148148148148147,0.7554012345679012,0,0.03953315565983454,0.0303121543040982
farther_vs_unchanged,description_family,explicit,farther,unchanged,1296,2592,1547,0.5968364197530864,0.3148148148148148,0.878858024691358,256,0.19753086419753085,0.0038580246913580245,0.7986111111111112,0,-0.05652716958228453,0.09312539363716855
farther_vs_unchanged,description_family,situation,farther,unchanged,1296,2592,1386,0.5347222222222222,0.4722222222222222,0.5972222222222222,139,0.10725308641975309,0.03780864197530864,0.8549382716049383,0,0.01002053290973475,0.011095067693127526
closer_vs_farther,description_family+length_band,explicit|compact,closer,farther,432,864,434,0.5023148148148148,0.5671296296296297,0.4375,57,0.13194444444444445,0.12731481481481483,0.7407407407407407,0,0.001925709346930186,-0.0026426903075642055
closer_vs_farther,description_family+length_band,explicit|standard,closer,farther,432,864,419,0.4849537037037037,0.7916666666666666,0.17824074074074073,33,0.0763888888888889,0.10648148148148148,0.8171296296296297,0,0.032998103786397864,-0.04142322501650563
closer_vs_farther,description_family+length_band,explicit|expanded,closer,farther,432,864,419,0.4849537037037037,0.6805555555555556,0.28935185185185186,41,0.09490740740740741,0.125,0.7800925925925926,0,0.012412048600338123,-0.01881035969213203
closer_vs_farther,description_family+length_band,situation|compact,closer,farther,432,864,439,0.5081018518518519,0.24305555555555555,0.7731481481481481,34,0.0787037037037037,0.0625,0.8587962962962963,0,-0.025923972328503925,0.030918215711911518
closer_vs_farther,description_family+length_band,situation|standard,closer,farther,432,864,155,0.17939814814814814,0.09722222222222222,0.26157407407407407,0,0.0,0.6412037037037037,0.3587962962962963,0,-0.02624635398387909,-0.021009721137859202
closer_vs_farther,description_family+length_band,situation|expanded,closer,farther,432,864,318,0.3680555555555556,0.31712962962962965,0.41898148148148145,2,0.004629629629629629,0.26851851851851855,0.7268518518518519,0,-0.011043311269194991,-0.009677497325120148
closer_vs_unchanged,description_family+length_band,explicit|compact,closer,unchanged,432,864,640,0.7407407407407407,0.7384259259259259,0.7430555555555556,213,0.4930555555555556,0.011574074074074073,0.49537037037037035,0,0.018113833058763434,0.011690740508061868
closer_vs_unchanged,description_family+length_band,explicit|standard,closer,unchanged,432,864,451,0.5219907407407407,0.04398148148148148,1.0,19,0.04398148148148148,0.0,0.9560185185185185,0,-0.13092126862870324,0.18542619242712302
closer_vs_unchanged,description_family+length_band,explicit|expanded,closer,unchanged,432,864,447,0.5173611111111112,0.12268518518518519,0.9120370370370371,24,0.05555555555555555,0.020833333333333332,0.9236111111111112,0,-0.043914552915979316,0.03792255261430034
closer_vs_unchanged,description_family+length_band,situation|compact,closer,unchanged,432,864,562,0.6504629629629629,0.8865740740740741,0.41435185185185186,130,0.30092592592592593,0.0,0.6990740740740741,0,0.15172207024362352,-0.04217831348931348
closer_vs_unchanged,description_family+length_band,situation|standard,closer,unchanged,432,864,481,0.5567129629629629,0.41203703703703703,0.7013888888888888,49,0.11342592592592593,0.0,0.8865740740740741,0,-0.005509544853810911,0.036017708756305555
closer_vs_unchanged,description_family+length_band,situation|expanded,closer,unchanged,432,864,564,0.6527777777777778,0.3449074074074074,0.9606481481481481,135,0.3125,0.006944444444444444,0.6805555555555556,0,-0.02761305841030898,0.09709706764530253
farther_vs_unchanged,description_family+length_band,explicit|compact,farther,unchanged,432,864,665,0.7696759259259259,0.8680555555555556,0.6712962962962963,236,0.5462962962962963,0.006944444444444444,0.44675925925925924,0,0.03418993425590021,0.008996859744743065
farther_vs_unchanged,description_family+length_band,explicit|standard,farther,unchanged,432,864,434,0.5023148148148148,0.004629629629629629,1.0,2,0.004629629629629629,0.0,0.9953703703703703,0,-0.1533550708382218,0.21313272802918046
farther_vs_unchanged,description_family+length_band,explicit|expanded,farther,unchanged,432,864,448,0.5185185185185185,0.07175925925925926,0.9652777777777778,18,0.041666666666666664,0.004629629629629629,0.9537037037037037,0,-0.05041637216453199,0.057246593137582145
farther_vs_unchanged,description_family+length_band,situation|compact,farther,unchanged,432,864,513,0.59375,0.8425925925925926,0.3449074074074074,82,0.18981481481481483,0.0023148148148148147,0.8078703703703703,0,0.13659043223769576,-0.06135284210796709
farther_vs_unchanged,description_family+length_band,situation|standard,farther,unchanged,432,864,427,0.49421296296296297,0.41435185185185186,0.5740740740740741,27,0.0625,0.07407407407407407,0.8634259259259259,0,-0.021497871036882752,0.006699107587337494
farther_vs_unchanged,description_family+length_band,situation|expanded,farther,unchanged,432,864,446,0.5162037037037037,0.1597222222222222,0.8726851851851852,30,0.06944444444444445,0.037037037037037035,0.8935185185185185,0,-0.08503096247160877,0.08793893760001217
closer_vs_farther,unit_id,unit_metres,closer,farther,864,1728,656,0.37962962962962965,0.5370370370370371,0.2222222222222222,47,0.05439814814814815,0.2951388888888889,0.6504629629629629,0,0.001957438748191904,-0.024350402393826732
closer_vs_farther,unit_id,unit_ft,closer,farther,864,1728,718,0.41550925925925924,0.42592592592592593,0.4050925925925926,55,0.06365740740740741,0.2326388888888889,0.7037037037037037,0,-0.0013183824442051075,-0.008881212798533615
closer_vs_farther,unit_id,unit_inches,closer,farther,864,1728,810,0.46875,0.3854166666666667,0.5520833333333334,65,0.07523148148148148,0.13773148148148148,0.7870370370370371,0,-0.008577944227942714,0.0019089763087254982
closer_vs_unchanged,unit_id,unit_metres,closer,unchanged,864,1728,1041,0.6024305555555556,0.37037037037037035,0.8344907407407407,180,0.20833333333333334,0.003472222222222222,0.7881944444444444,0,-0.023826591670513153,0.059732933011319905
closer_vs_unchanged,unit_id,unit_ft,closer,unchanged,864,1728,1028,0.5949074074074074,0.45717592592592593,0.7326388888888888,175,0.2025462962962963,0.01273148148148148,0.7847222222222222,0,0.002067625108692381,0.0474018933320487
closer_vs_unchanged,unit_id,unit_inches,closer,unchanged,864,1728,1076,0.6226851851851852,0.44675925925925924,0.7986111111111112,215,0.2488425925925926,0.003472222222222222,0.7476851851851852,0,0.0026977058086130354,0.05585314788752132
farther_vs_unchanged,unit_id,unit_metres,farther,unchanged,864,1728,935,0.5410879629629629,0.29398148148148145,0.7881944444444444,117,0.13541666666666666,0.05324074074074074,0.8113425925925926,0,-0.054127158114203704,0.05909044571496822
farther_vs_unchanged,unit_id,unit_ft,farther,unchanged,864,1728,976,0.5648148148148148,0.4398148148148148,0.6898148148148148,117,0.13541666666666666,0.005787037037037037,0.8587962962962963,0,-0.010413010639173013,0.04674419843488269
farther_vs_unchanged,unit_id,unit_inches,farther,unchanged,864,1728,1022,0.5914351851851852,0.44675925925925924,0.7361111111111112,161,0.1863425925925926,0.003472222222222222,0.8101851851851852,0,-0.005219786255447952,0.0504960478455932
closer_vs_farther,name_id,name_0,closer,farther,648,1296,512,0.3950617283950617,0.4243827160493827,0.36574074074074076,37,0.05709876543209876,0.26697530864197533,0.6759259259259259,0,-0.003491065384429178,-0.010950835950580644
closer_vs_farther,name_id,name_1,closer,farther,648,1296,589,0.45447530864197533,0.4398148148148148,0.4691358024691358,59,0.09104938271604938,0.18209876543209877,0.7268518518518519,0,-0.0015617263169936191,-0.004825654221169743
closer_vs_farther,name_id,name_2,closer,farther,648,1296,535,0.41280864197530864,0.41512345679012347,0.4104938271604938,36,0.05555555555555555,0.22993827160493827,0.7145061728395061,0,-0.007259927046151809,-0.009037514159708847
closer_vs_farther,name_id,name_3,closer,farther,648,1296,548,0.4228395061728395,0.5185185185185185,0.3271604938271605,35,0.05401234567901234,0.20833333333333334,0.7376543209876543,0,0.0017275348489667163,-0.016949514180053898
closer_vs_unchanged,name_id,name_0,closer,unchanged,648,1296,753,0.5810185185185185,0.4166666666666667,0.7453703703703703,113,0.1743827160493827,0.012345679012345678,0.8132716049382716,0,-0.019939651091893513,0.06510723961724176
closer_vs_unchanged,name_id,name_1,closer,unchanged,648,1296,823,0.6350308641975309,0.47530864197530864,0.7947530864197531,181,0.279320987654321,0.009259259259259259,0.7114197530864198,0,0.008602828523259104,0.04645140763418174
closer_vs_unchanged,name_id,name_2,closer,unchanged,648,1296,841,0.6489197530864198,0.4228395061728395,0.875,193,0.2978395061728395,0.0,0.7021604938271605,0,-0.014313026710792823,0.06457322615164297
closer_vs_unchanged,name_id,name_3,closer,unchanged,648,1296,728,0.5617283950617284,0.38425925925925924,0.7391975308641975,83,0.12808641975308643,0.004629629629629629,0.8672839506172839,0,0.00023483494181691865,0.041185425571453424
farther_vs_unchanged,name_id,name_0,farther,unchanged,648,1296,705,0.5439814814814815,0.36882716049382713,0.7191358024691358,73,0.11265432098765432,0.024691358024691357,0.8626543209876543,0,-0.04253099306865975,0.06015993194815553
farther_vs_unchanged,name_id,name_1,farther,unchanged,648,1296,753,0.5810185185185185,0.47685185185185186,0.6851851851851852,130,0.2006172839506173,0.038580246913580245,0.7608024691358025,0,-0.009213942804454285,0.04421500456921848
farther_vs_unchanged,name_id,name_2,farther,unchanged,648,1296,797,0.6149691358024691,0.39197530864197533,0.8379629629629629,150,0.23148148148148148,0.0015432098765432098,0.7669753086419753,0,-0.026618731978498858,0.06476534295965124
farther_vs_unchanged,name_id,name_3,farther,unchanged,648,1296,678,0.5231481481481481,0.33641975308641975,0.7098765432098766,42,0.06481481481481481,0.018518518518518517,0.9166666666666666,0,-0.014649605493486664,0.03930064318356691
closer_vs_farther,object_id,obj_cone,closer,farther,864,1728,807,0.4670138888888889,0.5023148148148148,0.43171296296296297,72,0.08333333333333333,0.14930555555555555,0.7673611111111112,0,-0.0012007891028015703,-0.008671224807147626
closer_vs_farther,object_id,obj_flag,closer,farther,864,1728,700,0.4050925925925926,0.4166666666666667,0.39351851851851855,39,0.04513888888888889,0.2349537037037037,0.7199074074074074,0,-0.0046504393771842675,-0.008893456585981228
closer_vs_farther,object_id,obj_bicycle,closer,farther,864,1728,677,0.3917824074074074,0.42939814814814814,0.3541666666666667,56,0.06481481481481481,0.28125,0.6539351851851852,0,-0.00208765944397008,-0.013757957490505996
closer_vs_unchanged,object_id,obj_cone,closer,unchanged,864,1728,1030,0.5960648148148148,0.32407407407407407,0.8680555555555556,174,0.2013888888888889,0.009259259259259259,0.7893518518518519,0,-0.039314494364791445,0.07163062346754251
closer_vs_unchanged,object_id,obj_flag,closer,unchanged,864,1728,1030,0.5960648148148148,0.3599537037037037,0.8321759259259259,172,0.19907407407407407,0.006944444444444444,0.7939814814814815,0,-0.01634118112700957,0.0589112620110865
closer_vs_unchanged,object_id,obj_bicycle,closer,unchanged,864,1728,1085,0.6278935185185185,0.5902777777777778,0.6655092592592593,224,0.25925925925925924,0.003472222222222222,0.7372685185185185,0,0.036594414738593276,0.03244608875226091
farther_vs_unchanged,object_id,obj_cone,farther,unchanged,864,1728,1001,0.5792824074074074,0.3506944444444444,0.8078703703703703,146,0.16898148148148148,0.010416666666666666,0.8206018518518519,0,-0.042395876789534534,0.06693523432369586
farther_vs_unchanged,object_id,obj_flag,farther,unchanged,864,1728,1004,0.5810185185185185,0.35532407407407407,0.8067129629629629,152,0.17592592592592593,0.013888888888888888,0.8101851851851852,0,-0.03008567307282377,0.05939313741745772
farther_vs_unchanged,object_id,obj_bicycle,farther,unchanged,864,1728,928,0.5370370370370371,0.47453703703703703,0.5995370370370371,97,0.11226851851851852,0.03819444444444445,0.8495370370370371,0,0.0027215948535336387,0.030002320254290546
closer_vs_farther,numeric_case_id,num_00,closer,farther,216,432,178,0.41203703703703703,0.4583333333333333,0.36574074074074076,7,0.032407407407407406,0.20833333333333334,0.7592592592592593,0,-0.0028188592857784694,-0.00838018677852772
closer_vs_farther,numeric_case_id,num_01,closer,farther,216,432,159,0.3680555555555556,0.2638888888888889,0.4722222222222222,3,0.013888888888888888,0.2777777777777778,0.7083333333333334,0,-0.028749583495987788,-0.001178267377394217
closer_vs_farther,numeric_case_id,num_02,closer,farther,216,432,203,0.4699074074074074,0.5879629629629629,0.35185185185185186,11,0.05092592592592592,0.1111111111111111,0.8379629629629629,0,0.007297052829353897,-0.007588066436626293
closer_vs_farther,numeric_case_id,num_03,closer,farther,216,432,184,0.42592592592592593,0.5046296296296297,0.3472222222222222,5,0.023148148148148147,0.1712962962962963,0.8055555555555556,0,-0.0004942301246854994,-0.008850073372876202
closer_vs_farther,numeric_case_id,num_04,closer,farther,216,432,163,0.3773148148148148,0.4537037037037037,0.30092592592592593,7,0.032407407407407406,0.2777777777777778,0.6898148148148148,0,-0.005153679185443454,-0.020532839276172495
closer_vs_farther,numeric_case_id,num_05,closer,farther,216,432,177,0.4097222222222222,0.4675925925925926,0.35185185185185186,14,0.06481481481481481,0.24537037037037038,0.6898148148148148,0,0.0005565821020691483,-0.01663458126562613
closer_vs_farther,numeric_case_id,num_06,closer,farther,216,432,172,0.39814814814814814,0.25462962962962965,0.5416666666666666,6,0.027777777777777776,0.23148148148148148,0.7407407407407407,0,-0.015072297166894984,-0.00010124014483557807
closer_vs_farther,numeric_case_id,num_07,closer,farther,216,432,268,0.6203703703703703,0.5648148148148148,0.6759259259259259,86,0.39814814814814814,0.1574074074074074,0.4444444444444444,0,0.006234106090333726,0.011744139922989739
closer_vs_farther,numeric_case_id,num_08,closer,farther,216,432,161,0.3726851851851852,0.4351851851851852,0.3101851851851852,4,0.018518518518518517,0.27314814814814814,0.7083333333333334,0,-0.0033784216200863876,-0.017357320145324425
closer_vs_farther,numeric_case_id,num_09,closer,farther,216,432,156,0.3611111111111111,0.4675925925925926,0.25462962962962965,3,0.013888888888888888,0.2916666666666667,0.6944444444444444,0,-0.002192169427871704,-0.02276020414299435
closer_vs_farther,numeric_case_id,num_10,closer,farther,216,432,171,0.3958333333333333,0.49537037037037035,0.2962962962962963,7,0.032407407407407406,0.24074074074074073,0.7268518518518519,0,0.00998173267753036,-0.02441513924686997
closer_vs_farther,numeric_case_id,num_11,closer,farther,216,432,192,0.4444444444444444,0.4398148148148148,0.44907407407407407,14,0.06481481481481481,0.17592592592592593,0.7592592592592593,0,0.002034214911637483,-0.009236777270281757
closer_vs_unchanged,numeric_case_id,num_00,closer,unchanged,216,432,270,0.625,0.47685185185185186,0.7731481481481481,56,0.25925925925925924,0.009259259259259259,0.7314814814814815,0,0.0034185366498099435,0.05733458256279981
closer_vs_unchanged,numeric_case_id,num_01,closer,unchanged,216,432,242,0.5601851851851852,0.3194444444444444,0.8009259259259259,31,0.14351851851851852,0.023148148148148147,0.8333333333333334,0,-0.031177626715766057,0.05911137494775984
closer_vs_unchanged,numeric_case_id,num_02,closer,unchanged,216,432,257,0.5949074074074074,0.4027777777777778,0.7870370370370371,42,0.19444444444444445,0.004629629629629629,0.8009259259259259,0,-0.006462065158066926,0.059676613520692895
closer_vs_unchanged,numeric_case_id,num_03,closer,unchanged,216,432,281,0.6504629629629629,0.4398148148148148,0.8611111111111112,65,0.30092592592592593,0.0,0.6990740740740741,0,-0.009630071896093863,0.06892332765791151
closer_vs_unchanged,numeric_case_id,num_04,closer,unchanged,216,432,261,0.6041666666666666,0.39351851851851855,0.8148148148148148,47,0.2175925925925926,0.009259259259259259,0.7731481481481481,0,-0.02164567951802854,0.05605059806947355
closer_vs_unchanged,numeric_case_id,num_05,closer,unchanged,216,432,249,0.5763888888888888,0.38425925925925924,0.7685185185185185,36,0.16666666666666666,0.013888888888888888,0.8194444444444444,0,-0.014661464978147435,0.04849198736526348
closer_vs_unchanged,numeric_case_id,num_06,closer,unchanged,216,432,268,0.6203703703703703,0.44907407407407407,0.7916666666666666,52,0.24074074074074073,0.0,0.7592592592592593,0,0.002065348404425162,0.0489067413188793
closer_vs_unchanged,numeric_case_id,num_07,closer,unchanged,216,432,267,0.6180555555555556,0.4305555555555556,0.8055555555555556,52,0.24074074074074073,0.004629629629629629,0.7546296296296297,0,-0.003628670065491288,0.06163640651437971
closer_vs_unchanged,numeric_case_id,num_08,closer,unchanged,216,432,247,0.5717592592592593,0.4166666666666667,0.7268518518518519,32,0.14814814814814814,0.004629629629629629,0.8472222222222222,0,-0.008671527107556662,0.055012337035602994
closer_vs_unchanged,numeric_case_id,num_09,closer,unchanged,216,432,265,0.6134259259259259,0.4583333333333333,0.7685185185185185,49,0.22685185185185186,0.0,0.7731481481481481,0,0.0018480326290483827,0.0505786234581912
closer_vs_unchanged,numeric_case_id,num_10,closer,unchanged,216,432,260,0.6018518518518519,0.44907407407407407,0.7546296296296297,44,0.2037037037037037,0.0,0.7962962962962963,0,-0.0018647798785456904,0.04362016750706567
closer_vs_unchanged,numeric_case_id,num_11,closer,unchanged,216,432,278,0.6435185185185185,0.47685185185185186,0.8101851851851852,64,0.2962962962962963,0.009259259259259259,0.6944444444444444,0,0.014164924621582031,0.04260913696553972
farther_vs_unchanged,numeric_case_id,num_00,farther,unchanged,216,432,239,0.5532407407407407,0.4212962962962963,0.6851851851851852,29,0.13425925925925927,0.027777777777777776,0.8379629629629629,0,-0.026746334852995695,0.046405416947823984
farther_vs_unchanged,numeric_case_id,num_01,farther,unchanged,216,432,248,0.5740740740740741,0.37962962962962965,0.7685185185185185,38,0.17592592592592593,0.027777777777777776,0.7962962962962963,0,-0.010259784482143543,0.05602053304513296
farther_vs_unchanged,numeric_case_id,num_02,farther,unchanged,216,432,251,0.5810185185185185,0.35648148148148145,0.8055555555555556,38,0.17592592592592593,0.013888888888888888,0.8101851851851852,0,-0.030963768009786254,0.07040228998219525
farther_vs_unchanged,numeric_case_id,num_03,farther,unchanged,216,432,254,0.5879629629629629,0.39814814814814814,0.7777777777777778,41,0.18981481481481483,0.013888888888888888,0.7962962962962963,0,-0.021275688100744178,0.06352909902731578
farther_vs_unchanged,numeric_case_id,num_04,farther,unchanged,216,432,244,0.5648148148148148,0.3888888888888889,0.7407407407407407,31,0.14351851851851852,0.013888888888888888,0.8425925925925926,0,-0.0357340243127611,0.05613244242138333
farther_vs_unchanged,numeric_case_id,num_05,farther,unchanged,216,432,250,0.5787037037037037,0.38425925925925924,0.7731481481481481,39,0.18055555555555555,0.023148148148148147,0.7962962962962963,0,-0.02475665620079747,0.056705475957305344
farther_vs_unchanged,numeric_case_id,num_06,farther,unchanged,216,432,239,0.5532407407407407,0.44907407407407407,0.6574074074074074,28,0.12962962962962962,0.023148148148148147,0.8472222222222222,0,-0.003363239544409293,0.03119528293609619
farther_vs_unchanged,numeric_case_id,num_07,farther,unchanged,216,432,253,0.5856481481481481,0.4166666666666667,0.7546296296296297,39,0.18055555555555555,0.009259259259259259,0.8101851851851852,0,-0.02940135697523753,0.0619369524496573
farther_vs_unchanged,numeric_case_id,num_08,farther,unchanged,216,432,228,0.5277777777777778,0.3472222222222222,0.7083333333333334,17,0.0787037037037037,0.023148148148148147,0.8981481481481481,0,-0.032983571842864705,0.04294124080075158
farther_vs_unchanged,numeric_case_id,num_09,farther,unchanged,216,432,231,0.5347222222222222,0.3333333333333333,0.7361111111111112,21,0.09722222222222222,0.027777777777777776,0.875,0,-0.03251028502428973,0.051621123044579116
farther_vs_unchanged,numeric_case_id,num_10,farther,unchanged,216,432,242,0.5601851851851852,0.4351851851851852,0.6851851851851852,32,0.14814814814814814,0.027777777777777776,0.8240740740740741,0,-0.018587568291911372,0.04709584845436944
farther_vs_unchanged,numeric_case_id,num_11,farther,unchanged,216,432,254,0.5879629629629629,0.41203703703703703,0.7638888888888888,42,0.19444444444444445,0.018518518518518517,0.7870370370370371,0,-0.0124575423973578,0.04133706291516622
