probe_id,original_baseline_probe_id,comparison_note
context_diagnostic__person_gym__name_0__obj_ball__placement__compact,person_gym__name_0__obj_ball__baseline,Original wording may differ; use diagnostic_matches for controlled effects.
context_diagnostic__person_gym__name_0__obj_ball__placement__setting,person_gym__name_0__obj_ball__baseline,Original wording may differ; use diagnostic_matches for controlled effects.
context_diagnostic__person_gym__name_0__obj_ball__placement__endpoint,person_gym__name_0__obj_ball__baseline,Original wording may differ; use diagnostic_matches for controlled effects.
context_diagnostic__person_gym__name_0__obj_ball__person_direct__compact,person_gym__name_0__obj_ball__baseline,Original wording may differ; use diagnostic_matches for controlled effects.
context_diagnostic__person_gym__name_0__obj_ball__person_direct__setting,person_gym__name_0__obj_ball__baseline,Original wording may differ; use diagnostic_matches for controlled effects.
context_diagnostic__person_gym__name_0__obj_ball__person_direct__endpoint,person_gym__name_0__obj_ball__baseline,Original wording may differ; use diagnostic_matches for controlled effects.
context_diagnostic__person_gym__name_0__obj_bag__placement__compact,person_gym__name_0__obj_bag__baseline,Original wording may differ; use diagnostic_matches for controlled effects.
context_diagnostic__person_gym__name_0__obj_bag__placement__setting,person_gym__name_0__obj_bag__baseline,Original wording may differ; use diagnostic_matches for controlled effects.
context_diagnostic__person_gym__name_0__obj_bag__placement__endpoint,person_gym__name_0__obj_bag__baseline,Original wording may differ; use diagnostic_matches for controlled effects.
context_diagnostic__person_gym__name_0__obj_bag__person_direct__compact,person_gym__name_0__obj_bag__baseline,Original wording may differ; use diagnostic_matches for controlled effects.
context_diagnostic__person_gym__name_0__obj_bag__person_direct__setting,person_gym__name_0__obj_bag__baseline,Original wording may differ; use diagnostic_matches for controlled effects.
context_diagnostic__person_gym__name_0__obj_bag__person_direct__endpoint,person_gym__name_0__obj_bag__baseline,Original wording may differ; use diagnostic_matches for controlled effects.
context_diagnostic__person_gym__name_1__obj_ball__placement__compact,person_gym__name_1__obj_ball__baseline,Original wording may differ; use diagnostic_matches for controlled effects.
context_diagnostic__person_gym__name_1__obj_ball__placement__setting,person_gym__name_1__obj_ball__baseline,Original wording may differ; use diagnostic_matches for controlled effects.
context_diagnostic__person_gym__name_1__obj_ball__placement__endpoint,person_gym__name_1__obj_ball__baseline,Original wording may differ; use diagnostic_matches for controlled effects.
context_diagnostic__person_gym__name_1__obj_ball__person_direct__compact,person_gym__name_1__obj_ball__baseline,Original wording may differ; use diagnostic_matches for controlled effects.
context_diagnostic__person_gym__name_1__obj_ball__person_direct__setting,person_gym__name_1__obj_ball__baseline,Original wording may differ; use diagnostic_matches for controlled effects.
context_diagnostic__person_gym__name_1__obj_ball__person_direct__endpoint,person_gym__name_1__obj_ball__baseline,Original wording may differ; use diagnostic_matches for controlled effects.
context_diagnostic__person_gym__name_1__obj_bag__placement__compact,person_gym__name_1__obj_bag__baseline,Original wording may differ; use diagnostic_matches for controlled effects.
context_diagnostic__person_gym__name_1__obj_bag__placement__setting,person_gym__name_1__obj_bag__baseline,Original wording may differ; use diagnostic_matches for controlled effects.
context_diagnostic__person_gym__name_1__obj_bag__placement__endpoint,person_gym__name_1__obj_bag__baseline,Original wording may differ; use diagnostic_matches for controlled effects.
context_diagnostic__person_gym__name_1__obj_bag__person_direct__compact,person_gym__name_1__obj_bag__baseline,Original wording may differ; use diagnostic_matches for controlled effects.
context_diagnostic__person_gym__name_1__obj_bag__person_direct__setting,person_gym__name_1__obj_bag__baseline,Original wording may differ; use diagnostic_matches for controlled effects.
context_diagnostic__person_gym__name_1__obj_bag__person_direct__endpoint,person_gym__name_1__obj_bag__baseline,Original wording may differ; use diagnostic_matches for controlled effects.
context_diagnostic__person_gym__name_2__obj_ball__placement__compact,person_gym__name_2__obj_ball__baseline,Original wording may differ; use diagnostic_matches for controlled effects.
context_diagnostic__person_gym__name_2__obj_ball__placement__setting,person_gym__name_2__obj_ball__baseline,Original wording may differ; use diagnostic_matches for controlled effects.
context_diagnostic__person_gym__name_2__obj_ball__placement__endpoint,person_gym__name_2__obj_ball__baseline,Original wording may differ; use diagnostic_matches for controlled effects.
context_diagnostic__person_gym__name_2__obj_ball__person_direct__compact,person_gym__name_2__obj_ball__baseline,Original wording may differ; use diagnostic_matches for controlled effects.
context_diagnostic__person_gym__name_2__obj_ball__person_direct__setting,person_gym__name_2__obj_ball__baseline,Original wording may differ; use diagnostic_matches for controlled effects.
context_diagnostic__person_gym__name_2__obj_ball__person_direct__endpoint,person_gym__name_2__obj_ball__baseline,Original wording may differ; use diagnostic_matches for controlled effects.
context_diagnostic__person_gym__name_2__obj_bag__placement__compact,person_gym__name_2__obj_bag__baseline,Original wording may differ; use diagnostic_matches for controlled effects.
context_diagnostic__person_gym__name_2__obj_bag__placement__setting,person_gym__name_2__obj_bag__baseline,Original wording may differ; use diagnostic_matches for controlled effects.
context_diagnostic__person_gym__name_2__obj_bag__placement__endpoint,person_gym__name_2__obj_bag__baseline,Original wording may differ; use diagnostic_matches for controlled effects.
context_diagnostic__person_gym__name_2__obj_bag__person_direct__compact,person_gym__name_2__obj_bag__baseline,Original wording may differ; use diagnostic_matches for controlled effects.
context_diagnostic__person_gym__name_2__obj_bag__person_direct__setting,person_gym__name_2__obj_bag__baseline,Original wording may differ; use diagnostic_matches for controlled effects.
context_diagnostic__person_gym__name_2__obj_bag__person_direct__endpoint,person_gym__name_2__obj_bag__baseline,Original wording may differ; use diagnostic_matches for controlled effects.
context_diagnostic__person_gym__name_3__obj_ball__placement__compact,person_gym__name_3__obj_ball__baseline,Original wording may differ; use diagnostic_matches for controlled effects.
context_diagnostic__person_gym__name_3__obj_ball__placement__setting,person_gym__name_3__obj_ball__baseline,Original wording may differ; use diagnostic_matches for controlled effects.
context_diagnostic__person_gym__name_3__obj_ball__placement__endpoint,person_gym__name_3__obj_ball__baseline,Original wording may differ; use diagnostic_matches for controlled effects.
context_diagnostic__person_gym__name_3__obj_ball__person_direct__compact,person_gym__name_3__obj_ball__baseline,Original wording may differ; use diagnostic_matches for controlled effects.
context_diagnostic__person_gym__name_3__obj_ball__person_direct__setting,person_gym__name_3__obj_ball__baseline,Original wording may differ; use diagnostic_matches for controlled effects.
context_diagnostic__person_gym__name_3__obj_ball__person_direct__endpoint,person_gym__name_3__obj_ball__baseline,Original wording may differ; use diagnostic_matches for controlled effects.
context_diagnostic__person_gym__name_3__obj_bag__placement__compact,person_gym__name_3__obj_bag__baseline,Original wording may differ; use diagnostic_matches for controlled effects.
context_diagnostic__person_gym__name_3__obj_bag__placement__setting,person_gym__name_3__obj_bag__baseline,Original wording may differ; use diagnostic_matches for controlled effects.
context_diagnostic__person_gym__name_3__obj_bag__placement__endpoint,person_gym__name_3__obj_bag__baseline,Original wording may differ; use diagnostic_matches for controlled effects.
context_diagnostic__person_gym__name_3__obj_bag__person_direct__compact,person_gym__name_3__obj_bag__baseline,Original wording may differ; use diagnostic_matches for controlled effects.
context_diagnostic__person_gym__name_3__obj_bag__person_direct__setting,person_gym__name_3__obj_bag__baseline,Original wording may differ; use diagnostic_matches for controlled effects.
context_diagnostic__person_gym__name_3__obj_bag__person_direct__endpoint,person_gym__name_3__obj_bag__baseline,Original wording may differ; use diagnostic_matches for controlled effects.
context_diagnostic__person_dining__name_0__obj_book__placement__compact,person_dining__name_0__obj_book__baseline,Original wording may differ; use diagnostic_matches for controlled effects.
context_diagnostic__person_dining__name_0__obj_book__placement__setting,person_dining__name_0__obj_book__baseline,Original wording may differ; use diagnostic_matches for controlled effects.
context_diagnostic__person_dining__name_0__obj_book__placement__endpoint,person_dining__name_0__obj_book__baseline,Original wording may differ; use diagnostic_matches for controlled effects.
context_diagnostic__person_dining__name_0__obj_bag__placement__compact,person_dining__name_0__obj_bag__baseline,Original wording may differ; use diagnostic_matches for controlled effects.
context_diagnostic__person_dining__name_0__obj_bag__placement__setting,person_dining__name_0__obj_bag__baseline,Original wording may differ; use diagnostic_matches for controlled effects.
context_diagnostic__person_dining__name_0__obj_bag__placement__endpoint,person_dining__name_0__obj_bag__baseline,Original wording may differ; use diagnostic_matches for controlled effects.
context_diagnostic__person_dining__name_1__obj_book__placement__compact,person_dining__name_1__obj_book__baseline,Original wording may differ; use diagnostic_matches for controlled effects.
context_diagnostic__person_dining__name_1__obj_book__placement__setting,person_dining__name_1__obj_book__baseline,Original wording may differ; use diagnostic_matches for controlled effects.
context_diagnostic__person_dining__name_1__obj_book__placement__endpoint,person_dining__name_1__obj_book__baseline,Original wording may differ; use diagnostic_matches for controlled effects.
context_diagnostic__person_dining__name_1__obj_bag__placement__compact,person_dining__name_1__obj_bag__baseline,Original wording may differ; use diagnostic_matches for controlled effects.
context_diagnostic__person_dining__name_1__obj_bag__placement__setting,person_dining__name_1__obj_bag__baseline,Original wording may differ; use diagnostic_matches for controlled effects.
context_diagnostic__person_dining__name_1__obj_bag__placement__endpoint,person_dining__name_1__obj_bag__baseline,Original wording may differ; use diagnostic_matches for controlled effects.
context_diagnostic__person_dining__name_2__obj_book__placement__compact,person_dining__name_2__obj_book__baseline,Original wording may differ; use diagnostic_matches for controlled effects.
context_diagnostic__person_dining__name_2__obj_book__placement__setting,person_dining__name_2__obj_book__baseline,Original wording may differ; use diagnostic_matches for controlled effects.
context_diagnostic__person_dining__name_2__obj_book__placement__endpoint,person_dining__name_2__obj_book__baseline,Original wording may differ; use diagnostic_matches for controlled effects.
context_diagnostic__person_dining__name_2__obj_bag__placement__compact,person_dining__name_2__obj_bag__baseline,Original wording may differ; use diagnostic_matches for controlled effects.
context_diagnostic__person_dining__name_2__obj_bag__placement__setting,person_dining__name_2__obj_bag__baseline,Original wording may differ; use diagnostic_matches for controlled effects.
context_diagnostic__person_dining__name_2__obj_bag__placement__endpoint,person_dining__name_2__obj_bag__baseline,Original wording may differ; use diagnostic_matches for controlled effects.
context_diagnostic__person_dining__name_3__obj_book__placement__compact,person_dining__name_3__obj_book__baseline,Original wording may differ; use diagnostic_matches for controlled effects.
context_diagnostic__person_dining__name_3__obj_book__placement__setting,person_dining__name_3__obj_book__baseline,Original wording may differ; use diagnostic_matches for controlled effects.
context_diagnostic__person_dining__name_3__obj_book__placement__endpoint,person_dining__name_3__obj_book__baseline,Original wording may differ; use diagnostic_matches for controlled effects.
context_diagnostic__person_dining__name_3__obj_bag__placement__compact,person_dining__name_3__obj_bag__baseline,Original wording may differ; use diagnostic_matches for controlled effects.
context_diagnostic__person_dining__name_3__obj_bag__placement__setting,person_dining__name_3__obj_bag__baseline,Original wording may differ; use diagnostic_matches for controlled effects.
context_diagnostic__person_dining__name_3__obj_bag__placement__endpoint,person_dining__name_3__obj_bag__baseline,Original wording may differ; use diagnostic_matches for controlled effects.
context_diagnostic__person_field__name_0__obj_ball__placement__compact,person_field__name_0__obj_ball__baseline,Original wording may differ; use diagnostic_matches for controlled effects.
context_diagnostic__person_field__name_0__obj_ball__placement__setting,person_field__name_0__obj_ball__baseline,Original wording may differ; use diagnostic_matches for controlled effects.
context_diagnostic__person_field__name_0__obj_ball__placement__endpoint,person_field__name_0__obj_ball__baseline,Original wording may differ; use diagnostic_matches for controlled effects.
context_diagnostic__person_field__name_0__obj_ball__person_direct__compact,person_field__name_0__obj_ball__baseline,Original wording may differ; use diagnostic_matches for controlled effects.
context_diagnostic__person_field__name_0__obj_ball__person_direct__setting,person_field__name_0__obj_ball__baseline,Original wording may differ; use diagnostic_matches for controlled effects.
context_diagnostic__person_field__name_0__obj_ball__person_direct__endpoint,person_field__name_0__obj_ball__baseline,Original wording may differ; use diagnostic_matches for controlled effects.
context_diagnostic__person_field__name_0__obj_cone__placement__compact,person_field__name_0__obj_cone__baseline,Original wording may differ; use diagnostic_matches for controlled effects.
context_diagnostic__person_field__name_0__obj_cone__placement__setting,person_field__name_0__obj_cone__baseline,Original wording may differ; use diagnostic_matches for controlled effects.
context_diagnostic__person_field__name_0__obj_cone__placement__endpoint,person_field__name_0__obj_cone__baseline,Original wording may differ; use diagnostic_matches for controlled effects.
context_diagnostic__person_field__name_0__obj_cone__person_direct__compact,person_field__name_0__obj_cone__baseline,Original wording may differ; use diagnostic_matches for controlled effects.
context_diagnostic__person_field__name_0__obj_cone__person_direct__setting,person_field__name_0__obj_cone__baseline,Original wording may differ; use diagnostic_matches for controlled effects.
context_diagnostic__person_field__name_0__obj_cone__person_direct__endpoint,person_field__name_0__obj_cone__baseline,Original wording may differ; use diagnostic_matches for controlled effects.
context_diagnostic__person_field__name_1__obj_ball__placement__compact,person_field__name_1__obj_ball__baseline,Original wording may differ; use diagnostic_matches for controlled effects.
context_diagnostic__person_field__name_1__obj_ball__placement__setting,person_field__name_1__obj_ball__baseline,Original wording may differ; use diagnostic_matches for controlled effects.
context_diagnostic__person_field__name_1__obj_ball__placement__endpoint,person_field__name_1__obj_ball__baseline,Original wording may differ; use diagnostic_matches for controlled effects.
context_diagnostic__person_field__name_1__obj_ball__person_direct__compact,person_field__name_1__obj_ball__baseline,Original wording may differ; use diagnostic_matches for controlled effects.
context_diagnostic__person_field__name_1__obj_ball__person_direct__setting,person_field__name_1__obj_ball__baseline,Original wording may differ; use diagnostic_matches for controlled effects.
context_diagnostic__person_field__name_1__obj_ball__person_direct__endpoint,person_field__name_1__obj_ball__baseline,Original wording may differ; use diagnostic_matches for controlled effects.
context_diagnostic__person_field__name_1__obj_cone__placement__compact,person_field__name_1__obj_cone__baseline,Original wording may differ; use diagnostic_matches for controlled effects.
context_diagnostic__person_field__name_1__obj_cone__placement__setting,person_field__name_1__obj_cone__baseline,Original wording may differ; use diagnostic_matches for controlled effects.
context_diagnostic__person_field__name_1__obj_cone__placement__endpoint,person_field__name_1__obj_cone__baseline,Original wording may differ; use diagnostic_matches for controlled effects.
context_diagnostic__person_field__name_1__obj_cone__person_direct__compact,person_field__name_1__obj_cone__baseline,Original wording may differ; use diagnostic_matches for controlled effects.
context_diagnostic__person_field__name_1__obj_cone__person_direct__setting,person_field__name_1__obj_cone__baseline,Original wording may differ; use diagnostic_matches for controlled effects.
context_diagnostic__person_field__name_1__obj_cone__person_direct__endpoint,person_field__name_1__obj_cone__baseline,Original wording may differ; use diagnostic_matches for controlled effects.
context_diagnostic__person_field__name_2__obj_ball__placement__compact,person_field__name_2__obj_ball__baseline,Original wording may differ; use diagnostic_matches for controlled effects.
context_diagnostic__person_field__name_2__obj_ball__placement__setting,person_field__name_2__obj_ball__baseline,Original wording may differ; use diagnostic_matches for controlled effects.
context_diagnostic__person_field__name_2__obj_ball__placement__endpoint,person_field__name_2__obj_ball__baseline,Original wording may differ; use diagnostic_matches for controlled effects.
context_diagnostic__person_field__name_2__obj_ball__person_direct__compact,person_field__name_2__obj_ball__baseline,Original wording may differ; use diagnostic_matches for controlled effects.
context_diagnostic__person_field__name_2__obj_ball__person_direct__setting,person_field__name_2__obj_ball__baseline,Original wording may differ; use diagnostic_matches for controlled effects.
context_diagnostic__person_field__name_2__obj_ball__person_direct__endpoint,person_field__name_2__obj_ball__baseline,Original wording may differ; use diagnostic_matches for controlled effects.
context_diagnostic__person_field__name_2__obj_cone__placement__compact,person_field__name_2__obj_cone__baseline,Original wording may differ; use diagnostic_matches for controlled effects.
context_diagnostic__person_field__name_2__obj_cone__placement__setting,person_field__name_2__obj_cone__baseline,Original wording may differ; use diagnostic_matches for controlled effects.
context_diagnostic__person_field__name_2__obj_cone__placement__endpoint,person_field__name_2__obj_cone__baseline,Original wording may differ; use diagnostic_matches for controlled effects.
context_diagnostic__person_field__name_2__obj_cone__person_direct__compact,person_field__name_2__obj_cone__baseline,Original wording may differ; use diagnostic_matches for controlled effects.
context_diagnostic__person_field__name_2__obj_cone__person_direct__setting,person_field__name_2__obj_cone__baseline,Original wording may differ; use diagnostic_matches for controlled effects.
context_diagnostic__person_field__name_2__obj_cone__person_direct__endpoint,person_field__name_2__obj_cone__baseline,Original wording may differ; use diagnostic_matches for controlled effects.
context_diagnostic__person_field__name_3__obj_ball__placement__compact,person_field__name_3__obj_ball__baseline,Original wording may differ; use diagnostic_matches for controlled effects.
context_diagnostic__person_field__name_3__obj_ball__placement__setting,person_field__name_3__obj_ball__baseline,Original wording may differ; use diagnostic_matches for controlled effects.
context_diagnostic__person_field__name_3__obj_ball__placement__endpoint,person_field__name_3__obj_ball__baseline,Original wording may differ; use diagnostic_matches for controlled effects.
context_diagnostic__person_field__name_3__obj_ball__person_direct__compact,person_field__name_3__obj_ball__baseline,Original wording may differ; use diagnostic_matches for controlled effects.
context_diagnostic__person_field__name_3__obj_ball__person_direct__setting,person_field__name_3__obj_ball__baseline,Original wording may differ; use diagnostic_matches for controlled effects.
context_diagnostic__person_field__name_3__obj_ball__person_direct__endpoint,person_field__name_3__obj_ball__baseline,Original wording may differ; use diagnostic_matches for controlled effects.
context_diagnostic__person_field__name_3__obj_cone__placement__compact,person_field__name_3__obj_cone__baseline,Original wording may differ; use diagnostic_matches for controlled effects.
context_diagnostic__person_field__name_3__obj_cone__placement__setting,person_field__name_3__obj_cone__baseline,Original wording may differ; use diagnostic_matches for controlled effects.
context_diagnostic__person_field__name_3__obj_cone__placement__endpoint,person_field__name_3__obj_cone__baseline,Original wording may differ; use diagnostic_matches for controlled effects.
context_diagnostic__person_field__name_3__obj_cone__person_direct__compact,person_field__name_3__obj_cone__baseline,Original wording may differ; use diagnostic_matches for controlled effects.
context_diagnostic__person_field__name_3__obj_cone__person_direct__setting,person_field__name_3__obj_cone__baseline,Original wording may differ; use diagnostic_matches for controlled effects.
context_diagnostic__person_field__name_3__obj_cone__person_direct__endpoint,person_field__name_3__obj_cone__baseline,Original wording may differ; use diagnostic_matches for controlled effects.
context_diagnostic__person_platform__name_0__obj_suitcase__placement__compact,person_platform__name_0__obj_suitcase__baseline,Original wording may differ; use diagnostic_matches for controlled effects.
context_diagnostic__person_platform__name_0__obj_suitcase__placement__setting,person_platform__name_0__obj_suitcase__baseline,Original wording may differ; use diagnostic_matches for controlled effects.
context_diagnostic__person_platform__name_0__obj_suitcase__placement__endpoint,person_platform__name_0__obj_suitcase__baseline,Original wording may differ; use diagnostic_matches for controlled effects.
context_diagnostic__person_platform__name_0__obj_suitcase__person_direct__compact,person_platform__name_0__obj_suitcase__baseline,Original wording may differ; use diagnostic_matches for controlled effects.
context_diagnostic__person_platform__name_0__obj_suitcase__person_direct__setting,person_platform__name_0__obj_suitcase__baseline,Original wording may differ; use diagnostic_matches for controlled effects.
context_diagnostic__person_platform__name_0__obj_suitcase__person_direct__endpoint,person_platform__name_0__obj_suitcase__baseline,Original wording may differ; use diagnostic_matches for controlled effects.
context_diagnostic__person_platform__name_0__obj_backpack__placement__compact,person_platform__name_0__obj_backpack__baseline,Original wording may differ; use diagnostic_matches for controlled effects.
context_diagnostic__person_platform__name_0__obj_backpack__placement__setting,person_platform__name_0__obj_backpack__baseline,Original wording may differ; use diagnostic_matches for controlled effects.
context_diagnostic__person_platform__name_0__obj_backpack__placement__endpoint,person_platform__name_0__obj_backpack__baseline,Original wording may differ; use diagnostic_matches for controlled effects.
context_diagnostic__person_platform__name_0__obj_backpack__person_direct__compact,person_platform__name_0__obj_backpack__baseline,Original wording may differ; use diagnostic_matches for controlled effects.
context_diagnostic__person_platform__name_0__obj_backpack__person_direct__setting,person_platform__name_0__obj_backpack__baseline,Original wording may differ; use diagnostic_matches for controlled effects.
context_diagnostic__person_platform__name_0__obj_backpack__person_direct__endpoint,person_platform__name_0__obj_backpack__baseline,Original wording may differ; use diagnostic_matches for controlled effects.
context_diagnostic__person_platform__name_1__obj_suitcase__placement__compact,person_platform__name_1__obj_suitcase__baseline,Original wording may differ; use diagnostic_matches for controlled effects.
context_diagnostic__person_platform__name_1__obj_suitcase__placement__setting,person_platform__name_1__obj_suitcase__baseline,Original wording may differ; use diagnostic_matches for controlled effects.
context_diagnostic__person_platform__name_1__obj_suitcase__placement__endpoint,person_platform__name_1__obj_suitcase__baseline,Original wording may differ; use diagnostic_matches for controlled effects.
context_diagnostic__person_platform__name_1__obj_suitcase__person_direct__compact,person_platform__name_1__obj_suitcase__baseline,Original wording may differ; use diagnostic_matches for controlled effects.
context_diagnostic__person_platform__name_1__obj_suitcase__person_direct__setting,person_platform__name_1__obj_suitcase__baseline,Original wording may differ; use diagnostic_matches for controlled effects.
context_diagnostic__person_platform__name_1__obj_suitcase__person_direct__endpoint,person_platform__name_1__obj_suitcase__baseline,Original wording may differ; use diagnostic_matches for controlled effects.
context_diagnostic__person_platform__name_1__obj_backpack__placement__compact,person_platform__name_1__obj_backpack__baseline,Original wording may differ; use diagnostic_matches for controlled effects.
context_diagnostic__person_platform__name_1__obj_backpack__placement__setting,person_platform__name_1__obj_backpack__baseline,Original wording may differ; use diagnostic_matches for controlled effects.
context_diagnostic__person_platform__name_1__obj_backpack__placement__endpoint,person_platform__name_1__obj_backpack__baseline,Original wording may differ; use diagnostic_matches for controlled effects.
context_diagnostic__person_platform__name_1__obj_backpack__person_direct__compact,person_platform__name_1__obj_backpack__baseline,Original wording may differ; use diagnostic_matches for controlled effects.
context_diagnostic__person_platform__name_1__obj_backpack__person_direct__setting,person_platform__name_1__obj_backpack__baseline,Original wording may differ; use diagnostic_matches for controlled effects.
context_diagnostic__person_platform__name_1__obj_backpack__person_direct__endpoint,person_platform__name_1__obj_backpack__baseline,Original wording may differ; use diagnostic_matches for controlled effects.
context_diagnostic__person_platform__name_2__obj_suitcase__placement__compact,person_platform__name_2__obj_suitcase__baseline,Original wording may differ; use diagnostic_matches for controlled effects.
context_diagnostic__person_platform__name_2__obj_suitcase__placement__setting,person_platform__name_2__obj_suitcase__baseline,Original wording may differ; use diagnostic_matches for controlled effects.
context_diagnostic__person_platform__name_2__obj_suitcase__placement__endpoint,person_platform__name_2__obj_suitcase__baseline,Original wording may differ; use diagnostic_matches for controlled effects.
context_diagnostic__person_platform__name_2__obj_suitcase__person_direct__compact,person_platform__name_2__obj_suitcase__baseline,Original wording may differ; use diagnostic_matches for controlled effects.
context_diagnostic__person_platform__name_2__obj_suitcase__person_direct__setting,person_platform__name_2__obj_suitcase__baseline,Original wording may differ; use diagnostic_matches for controlled effects.
context_diagnostic__person_platform__name_2__obj_suitcase__person_direct__endpoint,person_platform__name_2__obj_suitcase__baseline,Original wording may differ; use diagnostic_matches for controlled effects.
context_diagnostic__person_platform__name_2__obj_backpack__placement__compact,person_platform__name_2__obj_backpack__baseline,Original wording may differ; use diagnostic_matches for controlled effects.
context_diagnostic__person_platform__name_2__obj_backpack__placement__setting,person_platform__name_2__obj_backpack__baseline,Original wording may differ; use diagnostic_matches for controlled effects.
context_diagnostic__person_platform__name_2__obj_backpack__placement__endpoint,person_platform__name_2__obj_backpack__baseline,Original wording may differ; use diagnostic_matches for controlled effects.
context_diagnostic__person_platform__name_2__obj_backpack__person_direct__compact,person_platform__name_2__obj_backpack__baseline,Original wording may differ; use diagnostic_matches for controlled effects.
context_diagnostic__person_platform__name_2__obj_backpack__person_direct__setting,person_platform__name_2__obj_backpack__baseline,Original wording may differ; use diagnostic_matches for controlled effects.
context_diagnostic__person_platform__name_2__obj_backpack__person_direct__endpoint,person_platform__name_2__obj_backpack__baseline,Original wording may differ; use diagnostic_matches for controlled effects.
context_diagnostic__person_platform__name_3__obj_suitcase__placement__compact,person_platform__name_3__obj_suitcase__baseline,Original wording may differ; use diagnostic_matches for controlled effects.
context_diagnostic__person_platform__name_3__obj_suitcase__placement__setting,person_platform__name_3__obj_suitcase__baseline,Original wording may differ; use diagnostic_matches for controlled effects.
context_diagnostic__person_platform__name_3__obj_suitcase__placement__endpoint,person_platform__name_3__obj_suitcase__baseline,Original wording may differ; use diagnostic_matches for controlled effects.
context_diagnostic__person_platform__name_3__obj_suitcase__person_direct__compact,person_platform__name_3__obj_suitcase__baseline,Original wording may differ; use diagnostic_matches for controlled effects.
context_diagnostic__person_platform__name_3__obj_suitcase__person_direct__setting,person_platform__name_3__obj_suitcase__baseline,Original wording may differ; use diagnostic_matches for controlled effects.
context_diagnostic__person_platform__name_3__obj_suitcase__person_direct__endpoint,person_platform__name_3__obj_suitcase__baseline,Original wording may differ; use diagnostic_matches for controlled effects.
context_diagnostic__person_platform__name_3__obj_backpack__placement__compact,person_platform__name_3__obj_backpack__baseline,Original wording may differ; use diagnostic_matches for controlled effects.
context_diagnostic__person_platform__name_3__obj_backpack__placement__setting,person_platform__name_3__obj_backpack__baseline,Original wording may differ; use diagnostic_matches for controlled effects.
context_diagnostic__person_platform__name_3__obj_backpack__placement__endpoint,person_platform__name_3__obj_backpack__baseline,Original wording may differ; use diagnostic_matches for controlled effects.
context_diagnostic__person_platform__name_3__obj_backpack__person_direct__compact,person_platform__name_3__obj_backpack__baseline,Original wording may differ; use diagnostic_matches for controlled effects.
context_diagnostic__person_platform__name_3__obj_backpack__person_direct__setting,person_platform__name_3__obj_backpack__baseline,Original wording may differ; use diagnostic_matches for controlled effects.
context_diagnostic__person_platform__name_3__obj_backpack__person_direct__endpoint,person_platform__name_3__obj_backpack__baseline,Original wording may differ; use diagnostic_matches for controlled effects.
context_diagnostic__person_auditorium__name_0__obj_bag__placement__compact,person_auditorium__name_0__obj_bag__baseline,Original wording may differ; use diagnostic_matches for controlled effects.
context_diagnostic__person_auditorium__name_0__obj_bag__placement__setting,person_auditorium__name_0__obj_bag__baseline,Original wording may differ; use diagnostic_matches for controlled effects.
context_diagnostic__person_auditorium__name_0__obj_bag__placement__endpoint,person_auditorium__name_0__obj_bag__baseline,Original wording may differ; use diagnostic_matches for controlled effects.
context_diagnostic__person_auditorium__name_0__obj_coat__placement__compact,person_auditorium__name_0__obj_coat__baseline,Original wording may differ; use diagnostic_matches for controlled effects.
context_diagnostic__person_auditorium__name_0__obj_coat__placement__setting,person_auditorium__name_0__obj_coat__baseline,Original wording may differ; use diagnostic_matches for controlled effects.
context_diagnostic__person_auditorium__name_0__obj_coat__placement__endpoint,person_auditorium__name_0__obj_coat__baseline,Original wording may differ; use diagnostic_matches for controlled effects.
context_diagnostic__person_auditorium__name_1__obj_bag__placement__compact,person_auditorium__name_1__obj_bag__baseline,Original wording may differ; use diagnostic_matches for controlled effects.
context_diagnostic__person_auditorium__name_1__obj_bag__placement__setting,person_auditorium__name_1__obj_bag__baseline,Original wording may differ; use diagnostic_matches for controlled effects.
context_diagnostic__person_auditorium__name_1__obj_bag__placement__endpoint,person_auditorium__name_1__obj_bag__baseline,Original wording may differ; use diagnostic_matches for controlled effects.
context_diagnostic__person_auditorium__name_1__obj_coat__placement__compact,person_auditorium__name_1__obj_coat__baseline,Original wording may differ; use diagnostic_matches for controlled effects.
context_diagnostic__person_auditorium__name_1__obj_coat__placement__setting,person_auditorium__name_1__obj_coat__baseline,Original wording may differ; use diagnostic_matches for controlled effects.
context_diagnostic__person_auditorium__name_1__obj_coat__placement__endpoint,person_auditorium__name_1__obj_coat__baseline,Original wording may differ; use diagnostic_matches for controlled effects.
context_diagnostic__person_auditorium__name_2__obj_bag__placement__compact,person_auditorium__name_2__obj_bag__baseline,Original wording may differ; use diagnostic_matches for controlled effects.
context_diagnostic__person_auditorium__name_2__obj_bag__placement__setting,person_auditorium__name_2__obj_bag__baseline,Original wording may differ; use diagnostic_matches for controlled effects.
context_diagnostic__person_auditorium__name_2__obj_bag__placement__endpoint,person_auditorium__name_2__obj_bag__baseline,Original wording may differ; use diagnostic_matches for controlled effects.
context_diagnostic__person_auditorium__name_2__obj_coat__placement__compact,person_auditorium__name_2__obj_coat__baseline,Original wording may differ; use diagnostic_matches for controlled effects.
context_diagnostic__person_auditorium__name_2__obj_coat__placement__setting,person_auditorium__name_2__obj_coat__baseline,Original wording may differ; use diagnostic_matches for controlled effects.
context_diagnostic__person_auditorium__name_2__obj_coat__placement__endpoint,person_auditorium__name_2__obj_coat__baseline,Original wording may differ; use diagnostic_matches for controlled effects.
context_diagnostic__person_auditorium__name_3__obj_bag__placement__compact,person_auditorium__name_3__obj_bag__baseline,Original wording may differ; use diagnostic_matches for controlled effects.
context_diagnostic__person_auditorium__name_3__obj_bag__placement__setting,person_auditorium__name_3__obj_bag__baseline,Original wording may differ; use diagnostic_matches for controlled effects.
context_diagnostic__person_auditorium__name_3__obj_bag__placement__endpoint,person_auditorium__name_3__obj_bag__baseline,Original wording may differ; use diagnostic_matches for controlled effects.
context_diagnostic__person_auditorium__name_3__obj_coat__placement__compact,person_auditorium__name_3__obj_coat__baseline,Original wording may differ; use diagnostic_matches for controlled effects.
context_diagnostic__person_auditorium__name_3__obj_coat__placement__setting,person_auditorium__name_3__obj_coat__baseline,Original wording may differ; use diagnostic_matches for controlled effects.
context_diagnostic__person_auditorium__name_3__obj_coat__placement__endpoint,person_auditorium__name_3__obj_coat__baseline,Original wording may differ; use diagnostic_matches for controlled effects.
context_diagnostic__objects_gym__obj_bench__obj_ball__placement__compact,objects_gym__obj_bench__obj_ball__baseline,Original wording may differ; use diagnostic_matches for controlled effects.
context_diagnostic__objects_gym__obj_bench__obj_ball__placement__setting,objects_gym__obj_bench__obj_ball__baseline,Original wording may differ; use diagnostic_matches for controlled effects.
context_diagnostic__objects_gym__obj_bench__obj_ball__placement__endpoint,objects_gym__obj_bench__obj_ball__baseline,Original wording may differ; use diagnostic_matches for controlled effects.
context_diagnostic__objects_gym__obj_bench__obj_cone__placement__compact,objects_gym__obj_bench__obj_cone__baseline,Original wording may differ; use diagnostic_matches for controlled effects.
context_diagnostic__objects_gym__obj_bench__obj_cone__placement__setting,objects_gym__obj_bench__obj_cone__baseline,Original wording may differ; use diagnostic_matches for controlled effects.
context_diagnostic__objects_gym__obj_bench__obj_cone__placement__endpoint,objects_gym__obj_bench__obj_cone__baseline,Original wording may differ; use diagnostic_matches for controlled effects.
context_diagnostic__objects_gym__obj_mat__obj_ball__placement__compact,objects_gym__obj_mat__obj_ball__baseline,Original wording may differ; use diagnostic_matches for controlled effects.
context_diagnostic__objects_gym__obj_mat__obj_ball__placement__setting,objects_gym__obj_mat__obj_ball__baseline,Original wording may differ; use diagnostic_matches for controlled effects.
context_diagnostic__objects_gym__obj_mat__obj_ball__placement__endpoint,objects_gym__obj_mat__obj_ball__baseline,Original wording may differ; use diagnostic_matches for controlled effects.
context_diagnostic__objects_gym__obj_mat__obj_cone__placement__compact,objects_gym__obj_mat__obj_cone__baseline,Original wording may differ; use diagnostic_matches for controlled effects.
context_diagnostic__objects_gym__obj_mat__obj_cone__placement__setting,objects_gym__obj_mat__obj_cone__baseline,Original wording may differ; use diagnostic_matches for controlled effects.
context_diagnostic__objects_gym__obj_mat__obj_cone__placement__endpoint,objects_gym__obj_mat__obj_cone__baseline,Original wording may differ; use diagnostic_matches for controlled effects.
context_diagnostic__objects_kitchen__obj_plate__obj_cup__placement__compact,objects_kitchen__obj_plate__obj_cup__baseline,Original wording may differ; use diagnostic_matches for controlled effects.
context_diagnostic__objects_kitchen__obj_plate__obj_cup__placement__setting,objects_kitchen__obj_plate__obj_cup__baseline,Original wording may differ; use diagnostic_matches for controlled effects.
context_diagnostic__objects_kitchen__obj_plate__obj_cup__placement__endpoint,objects_kitchen__obj_plate__obj_cup__baseline,Original wording may differ; use diagnostic_matches for controlled effects.
context_diagnostic__objects_kitchen__obj_plate__obj_mug__placement__compact,objects_kitchen__obj_plate__obj_mug__baseline,Original wording may differ; use diagnostic_matches for controlled effects.
context_diagnostic__objects_kitchen__obj_plate__obj_mug__placement__setting,objects_kitchen__obj_plate__obj_mug__baseline,Original wording may differ; use diagnostic_matches for controlled effects.
context_diagnostic__objects_kitchen__obj_plate__obj_mug__placement__endpoint,objects_kitchen__obj_plate__obj_mug__baseline,Original wording may differ; use diagnostic_matches for controlled effects.
context_diagnostic__objects_kitchen__obj_bowl__obj_cup__placement__compact,objects_kitchen__obj_bowl__obj_cup__baseline,Original wording may differ; use diagnostic_matches for controlled effects.
context_diagnostic__objects_kitchen__obj_bowl__obj_cup__placement__setting,objects_kitchen__obj_bowl__obj_cup__baseline,Original wording may differ; use diagnostic_matches for controlled effects.
context_diagnostic__objects_kitchen__obj_bowl__obj_cup__placement__endpoint,objects_kitchen__obj_bowl__obj_cup__baseline,Original wording may differ; use diagnostic_matches for controlled effects.
context_diagnostic__objects_kitchen__obj_bowl__obj_mug__placement__compact,objects_kitchen__obj_bowl__obj_mug__baseline,Original wording may differ; use diagnostic_matches for controlled effects.
context_diagnostic__objects_kitchen__obj_bowl__obj_mug__placement__setting,objects_kitchen__obj_bowl__obj_mug__baseline,Original wording may differ; use diagnostic_matches for controlled effects.
context_diagnostic__objects_kitchen__obj_bowl__obj_mug__placement__endpoint,objects_kitchen__obj_bowl__obj_mug__baseline,Original wording may differ; use diagnostic_matches for controlled effects.
context_diagnostic__objects_workshop__obj_toolbox__obj_helmet__placement__compact,objects_workshop__obj_toolbox__obj_helmet__baseline,Original wording may differ; use diagnostic_matches for controlled effects.
context_diagnostic__objects_workshop__obj_toolbox__obj_helmet__placement__setting,objects_workshop__obj_toolbox__obj_helmet__baseline,Original wording may differ; use diagnostic_matches for controlled effects.
context_diagnostic__objects_workshop__obj_toolbox__obj_helmet__placement__endpoint,objects_workshop__obj_toolbox__obj_helmet__baseline,Original wording may differ; use diagnostic_matches for controlled effects.
context_diagnostic__objects_workshop__obj_toolbox__obj_bucket__placement__compact,objects_workshop__obj_toolbox__obj_bucket__baseline,Original wording may differ; use diagnostic_matches for controlled effects.
context_diagnostic__objects_workshop__obj_toolbox__obj_bucket__placement__setting,objects_workshop__obj_toolbox__obj_bucket__baseline,Original wording may differ; use diagnostic_matches for controlled effects.
context_diagnostic__objects_workshop__obj_toolbox__obj_bucket__placement__endpoint,objects_workshop__obj_toolbox__obj_bucket__baseline,Original wording may differ; use diagnostic_matches for controlled effects.
context_diagnostic__objects_workshop__obj_crate__obj_helmet__placement__compact,objects_workshop__obj_crate__obj_helmet__baseline,Original wording may differ; use diagnostic_matches for controlled effects.
context_diagnostic__objects_workshop__obj_crate__obj_helmet__placement__setting,objects_workshop__obj_crate__obj_helmet__baseline,Original wording may differ; use diagnostic_matches for controlled effects.
context_diagnostic__objects_workshop__obj_crate__obj_helmet__placement__endpoint,objects_workshop__obj_crate__obj_helmet__baseline,Original wording may differ; use diagnostic_matches for controlled effects.
context_diagnostic__objects_workshop__obj_crate__obj_bucket__placement__compact,objects_workshop__obj_crate__obj_bucket__baseline,Original wording may differ; use diagnostic_matches for controlled effects.
context_diagnostic__objects_workshop__obj_crate__obj_bucket__placement__setting,objects_workshop__obj_crate__obj_bucket__baseline,Original wording may differ; use diagnostic_matches for controlled effects.
context_diagnostic__objects_workshop__obj_crate__obj_bucket__placement__endpoint,objects_workshop__obj_crate__obj_bucket__baseline,Original wording may differ; use diagnostic_matches for controlled effects.
