scope,grouping,group,n_pairs,n_judgments,raw_accuracy,raw_close_accuracy,raw_far_accuracy,raw_both_correct,raw_exact_ties,pmi_accuracy,pmi_close_accuracy,pmi_far_accuracy,pmi_both_correct,pmi_exact_ties,context_accuracy,context_close_accuracy,context_far_accuracy,context_both_correct,context_exact_ties,raw_close_choice_fraction
all,overall,all,1024,2048,0.626953125,0.892578125,0.361328125,0.3154296875,0,0.619140625,0.669921875,0.568359375,0.30859375,0,0.583984375,0.8857421875,0.2822265625,0.1923828125,0,0.765625
all,condition_id,physical_placement,288,576,0.5902777777777778,0.9618055555555556,0.21875,0.21180555555555555,0,0.6006944444444444,0.7048611111111112,0.4965277777777778,0.2673611111111111,0,0.5017361111111112,0.9340277777777778,0.06944444444444445,0.020833333333333332,0,0.8715277777777778
all,condition_id,physical_placement_fronted,288,576,0.5954861111111112,0.8541666666666666,0.3368055555555556,0.2986111111111111,0,0.5642361111111112,0.6145833333333334,0.5138888888888888,0.2638888888888889,0,0.5364583333333334,0.9583333333333334,0.11458333333333333,0.0798611111111111,0,0.7586805555555556
all,condition_id,physical_placement_person_subject,288,576,0.5399305555555556,0.90625,0.1736111111111111,0.1597222222222222,0,0.6145833333333334,0.7743055555555556,0.4548611111111111,0.2777777777777778,0,0.5555555555555556,0.7048611111111112,0.40625,0.1736111111111111,0,0.8663194444444444
all,condition_id,direct_label,80,160,0.975,0.95,1.0,0.95,0,0.875,0.75,1.0,0.75,0,0.99375,0.9875,1.0,0.9875,0,0.475
all,condition_id,proximity_paraphrase,80,160,0.8375,0.675,1.0,0.675,0,0.64375,0.2875,1.0,0.2875,0,0.74375,1.0,0.4875,0.4875,0,0.3375
all,target_order,person_first,512,1024,0.734375,0.94921875,0.51953125,0.4765625,0,0.7373046875,0.556640625,0.91796875,0.474609375,0,0.6279296875,0.884765625,0.37109375,0.255859375,0,0.71484375
all,target_order,object_first,512,1024,0.51953125,0.8359375,0.203125,0.154296875,0,0.5009765625,0.783203125,0.21875,0.142578125,0,0.5400390625,0.88671875,0.193359375,0.12890625,0,0.81640625
all,condition_id+target_order,physical_placement|person_first,144,288,0.7048611111111112,0.9861111111111112,0.4236111111111111,0.4166666666666667,0,0.75,0.5625,0.9375,0.5,0,0.5138888888888888,0.9861111111111112,0.041666666666666664,0.027777777777777776,0,0.78125
all,condition_id+target_order,physical_placement|object_first,144,288,0.4756944444444444,0.9375,0.013888888888888888,0.006944444444444444,0,0.4513888888888889,0.8472222222222222,0.05555555555555555,0.034722222222222224,0,0.4895833333333333,0.8819444444444444,0.09722222222222222,0.013888888888888888,0,0.9618055555555556
all,condition_id+target_order,physical_placement_fronted|person_first,144,288,0.7743055555555556,0.9930555555555556,0.5555555555555556,0.5486111111111112,0,0.7361111111111112,0.5416666666666666,0.9305555555555556,0.4722222222222222,0,0.5555555555555556,0.9861111111111112,0.125,0.1111111111111111,0,0.71875
all,condition_id+target_order,physical_placement_fronted|object_first,144,288,0.4166666666666667,0.7152777777777778,0.11805555555555555,0.04861111111111111,0,0.3923611111111111,0.6875,0.09722222222222222,0.05555555555555555,0,0.5173611111111112,0.9305555555555556,0.10416666666666667,0.04861111111111111,0,0.7986111111111112
all,condition_id+target_order,physical_placement_person_subject|person_first,144,288,0.6458333333333334,0.9791666666666666,0.3125,0.3125,0,0.7638888888888888,0.6875,0.8402777777777778,0.5277777777777778,0,0.6597222222222222,0.625,0.6944444444444444,0.3194444444444444,0,0.8333333333333334
all,condition_id+target_order,physical_placement_person_subject|object_first,144,288,0.4340277777777778,0.8333333333333334,0.034722222222222224,0.006944444444444444,0,0.4652777777777778,0.8611111111111112,0.06944444444444445,0.027777777777777776,0,0.4513888888888889,0.7847222222222222,0.11805555555555555,0.027777777777777776,0,0.8993055555555556
all,condition_id+target_order,direct_label|person_first,40,80,0.95,0.9,1.0,0.9,0,0.8,0.6,1.0,0.6,0,0.9875,0.975,1.0,0.975,0,0.45
all,condition_id+target_order,proximity_paraphrase|person_first,40,80,0.8,0.6,1.0,0.6,0,0.5375,0.075,1.0,0.075,0,0.825,1.0,0.65,0.65,0,0.3
all,condition_id+target_order,direct_label|object_first,40,80,1.0,1.0,1.0,1.0,0,0.95,0.9,1.0,0.9,0,1.0,1.0,1.0,1.0,0,0.5
all,condition_id+target_order,proximity_paraphrase|object_first,40,80,0.875,0.75,1.0,0.75,0,0.75,0.5,1.0,0.5,0,0.6625,1.0,0.325,0.325,0,0.375
all,condition_id+target_order+object_id,physical_placement|person_first|obj_ball,32,64,0.578125,1.0,0.15625,0.15625,0,0.75,0.5625,0.9375,0.5,0,0.5,1.0,0.0,0.0,0,0.921875
all,condition_id+target_order+object_id,physical_placement|object_first|obj_ball,32,64,0.453125,0.90625,0.0,0.0,0,0.5,1.0,0.0,0.0,0,0.5,1.0,0.0,0.0,0,0.953125
all,condition_id+target_order+object_id,physical_placement_fronted|person_first|obj_ball,32,64,0.796875,1.0,0.59375,0.59375,0,0.6875,0.375,1.0,0.375,0,0.5,1.0,0.0,0.0,0,0.703125
all,condition_id+target_order+object_id,physical_placement_fronted|object_first|obj_ball,32,64,0.375,0.5625,0.1875,0.0625,0,0.40625,0.8125,0.0,0.0,0,0.515625,1.0,0.03125,0.03125,0,0.6875
all,condition_id+target_order+object_id,physical_placement_person_subject|person_first|obj_ball,32,64,0.609375,0.9375,0.28125,0.28125,0,0.671875,0.34375,1.0,0.34375,0,0.640625,0.96875,0.3125,0.28125,0,0.828125
all,condition_id+target_order+object_id,physical_placement_person_subject|object_first|obj_ball,32,64,0.4375,0.8125,0.0625,0.0,0,0.453125,0.90625,0.0,0.0,0,0.40625,0.65625,0.15625,0.0,0,0.875
all,condition_id+target_order+object_id,physical_placement|person_first|obj_bag,28,56,0.6428571428571429,1.0,0.2857142857142857,0.2857142857142857,0,0.7857142857142857,0.6071428571428571,0.9642857142857143,0.5714285714285714,0,0.5,1.0,0.0,0.0,0,0.8571428571428571
all,condition_id+target_order+object_id,physical_placement|object_first|obj_bag,28,56,0.5,1.0,0.0,0.0,0,0.48214285714285715,0.9642857142857143,0.0,0.0,0,0.44642857142857145,0.8928571428571429,0.0,0.0,0,1.0
all,condition_id+target_order+object_id,physical_placement_fronted|person_first|obj_bag,28,56,0.6071428571428571,1.0,0.21428571428571427,0.21428571428571427,0,0.75,0.7142857142857143,0.7857142857142857,0.5,0,0.5714285714285714,1.0,0.14285714285714285,0.14285714285714285,0,0.8928571428571429
all,condition_id+target_order+object_id,physical_placement_fronted|object_first|obj_bag,28,56,0.44642857142857145,0.8214285714285714,0.07142857142857142,0.03571428571428571,0,0.3392857142857143,0.6785714285714286,0.0,0.0,0,0.5,0.9642857142857143,0.03571428571428571,0.03571428571428571,0,0.875
all,condition_id+target_order+object_id,physical_placement_person_subject|person_first|obj_bag,28,56,0.5178571428571429,1.0,0.03571428571428571,0.03571428571428571,0,0.75,0.8214285714285714,0.6785714285714286,0.5,0,0.7321428571428571,0.6428571428571429,0.8214285714285714,0.4642857142857143,0,0.9821428571428571
all,condition_id+target_order+object_id,physical_placement_person_subject|object_first|obj_bag,28,56,0.42857142857142855,0.8571428571428571,0.0,0.0,0,0.42857142857142855,0.8571428571428571,0.0,0.0,0,0.42857142857142855,0.8571428571428571,0.0,0.0,0,0.9285714285714286
all,condition_id+target_order+object_id,physical_placement|person_first|obj_book,32,64,0.9375,1.0,0.875,0.875,0,0.859375,0.75,0.96875,0.71875,0,0.5,1.0,0.0,0.0,0,0.5625
all,condition_id+target_order+object_id,physical_placement|object_first|obj_book,32,64,0.484375,0.96875,0.0,0.0,0,0.4375,0.875,0.0,0.0,0,0.5,1.0,0.0,0.0,0,0.984375
all,condition_id+target_order+object_id,physical_placement_fronted|person_first|obj_book,32,64,0.890625,1.0,0.78125,0.78125,0,0.703125,0.53125,0.875,0.40625,0,0.5,1.0,0.0,0.0,0,0.609375
all,condition_id+target_order+object_id,physical_placement_fronted|object_first|obj_book,32,64,0.421875,0.84375,0.0,0.0,0,0.453125,0.875,0.03125,0.03125,0,0.5,1.0,0.0,0.0,0,0.921875
all,condition_id+target_order+object_id,physical_placement_person_subject|person_first|obj_book,32,64,0.703125,1.0,0.40625,0.40625,0,0.875,0.96875,0.78125,0.75,0,0.6875,0.625,0.75,0.375,0,0.796875
all,condition_id+target_order+object_id,physical_placement_person_subject|object_first|obj_book,32,64,0.421875,0.84375,0.0,0.0,0,0.4375,0.875,0.0,0.0,0,0.4375,0.875,0.0,0.0,0,0.921875
all,condition_id+target_order+object_id,physical_placement|person_first|obj_cone,16,32,0.59375,0.9375,0.25,0.25,0,0.53125,0.0625,1.0,0.0625,0,0.5625,1.0,0.125,0.125,0,0.84375
all,condition_id+target_order+object_id,physical_placement|object_first|obj_cone,16,32,0.46875,0.9375,0.0,0.0,0,0.25,0.5,0.0,0.0,0,0.5,1.0,0.0,0.0,0,0.96875
all,condition_id+target_order+object_id,physical_placement_fronted|person_first|obj_cone,16,32,0.65625,0.9375,0.375,0.3125,0,0.53125,0.0625,1.0,0.0625,0,0.5,1.0,0.0,0.0,0,0.78125
all,condition_id+target_order+object_id,physical_placement_fronted|object_first|obj_cone,16,32,0.3125,0.625,0.0,0.0,0,0.125,0.25,0.0,0.0,0,0.5,1.0,0.0,0.0,0,0.8125
all,condition_id+target_order+object_id,physical_placement_person_subject|person_first|obj_cone,16,32,0.875,0.9375,0.8125,0.8125,0,0.53125,0.0625,1.0,0.0625,0,0.625,0.5625,0.6875,0.25,0,0.5625
all,condition_id+target_order+object_id,physical_placement_person_subject|object_first|obj_cone,16,32,0.40625,0.8125,0.0,0.0,0,0.4375,0.6875,0.1875,0.0,0,0.5,1.0,0.0,0.0,0,0.90625
all,condition_id+target_order+object_id,physical_placement|person_first|obj_cup,8,16,0.625,1.0,0.25,0.25,0,0.6875,0.625,0.75,0.375,0,0.5,1.0,0.0,0.0,0,0.875
all,condition_id+target_order+object_id,physical_placement|object_first|obj_cup,8,16,0.3125,0.625,0.0,0.0,0,0.25,0.5,0.0,0.0,0,0.5,1.0,0.0,0.0,0,0.8125
all,condition_id+target_order+object_id,physical_placement_fronted|person_first|obj_cup,8,16,0.8125,1.0,0.625,0.625,0,0.875,0.75,1.0,0.75,0,0.5,1.0,0.0,0.0,0,0.6875
all,condition_id+target_order+object_id,physical_placement_fronted|object_first|obj_cup,8,16,0.375,0.75,0.0,0.0,0,0.25,0.5,0.0,0.0,0,0.5,1.0,0.0,0.0,0,0.875
all,condition_id+target_order+object_id,physical_placement_person_subject|person_first|obj_cup,8,16,0.625,1.0,0.25,0.25,0,0.875,0.875,0.875,0.75,0,0.8125,0.875,0.75,0.625,0,0.875
all,condition_id+target_order+object_id,physical_placement_person_subject|object_first|obj_cup,8,16,0.375,0.75,0.0,0.0,0,0.4375,0.875,0.0,0.0,0,0.4375,0.875,0.0,0.0,0,0.875
all,condition_id+target_order+object_id,physical_placement|person_first|obj_key,8,16,0.625,0.875,0.375,0.25,0,0.75,0.625,0.875,0.5,0,0.5,1.0,0.0,0.0,0,0.75
all,condition_id+target_order+object_id,physical_placement|object_first|obj_key,8,16,0.5625,0.875,0.25,0.125,0,0.6875,0.5,0.875,0.5,0,0.5,0.125,0.875,0.0,0,0.8125
all,condition_id+target_order+object_id,physical_placement_fronted|person_first|obj_key,8,16,0.8125,1.0,0.625,0.625,0,1.0,1.0,1.0,1.0,0,0.75,0.875,0.625,0.5,0,0.6875
all,condition_id+target_order+object_id,physical_placement_fronted|object_first|obj_key,8,16,0.5625,0.75,0.375,0.25,0,0.5625,0.375,0.75,0.375,0,0.5625,0.625,0.5,0.125,0,0.6875
all,condition_id+target_order+object_id,physical_placement_person_subject|person_first|obj_key,8,16,0.5625,1.0,0.125,0.125,0,0.9375,1.0,0.875,0.875,0,0.5,0.0,1.0,0.0,0,0.9375
all,condition_id+target_order+object_id,physical_placement_person_subject|object_first|obj_key,8,16,0.5,0.875,0.125,0.125,0,0.625,0.75,0.5,0.25,0,0.5,0.25,0.75,0.25,0,0.875
all,condition_id+target_order+object_id,physical_placement|person_first|obj_helmet,8,16,0.75,1.0,0.5,0.5,0,0.6875,0.5,0.875,0.375,0,0.5,1.0,0.0,0.0,0,0.75
all,condition_id+target_order+object_id,physical_placement|object_first|obj_helmet,8,16,0.5,1.0,0.0,0.0,0,0.5,1.0,0.0,0.0,0,0.5,1.0,0.0,0.0,0,1.0
all,condition_id+target_order+object_id,physical_placement_fronted|person_first|obj_helmet,8,16,0.8125,1.0,0.625,0.625,0,0.8125,0.625,1.0,0.625,0,0.5625,1.0,0.125,0.125,0,0.6875
all,condition_id+target_order+object_id,physical_placement_fronted|object_first|obj_helmet,8,16,0.375,0.75,0.0,0.0,0,0.4375,0.875,0.0,0.0,0,0.5625,1.0,0.125,0.125,0,0.875
all,condition_id+target_order+object_id,physical_placement_person_subject|person_first|obj_helmet,8,16,0.5,1.0,0.0,0.0,0,0.625,0.75,0.5,0.25,0,0.625,0.5,0.75,0.25,0,1.0
all,condition_id+target_order+object_id,physical_placement_person_subject|object_first|obj_helmet,8,16,0.4375,0.875,0.0,0.0,0,0.5,1.0,0.0,0.0,0,0.4375,0.875,0.0,0.0,0,0.9375
all,condition_id+target_order+object_id,physical_placement|person_first|obj_coin,4,8,1.0,1.0,1.0,1.0,0,0.625,0.5,0.75,0.25,0,0.625,1.0,0.25,0.25,0,0.5
all,condition_id+target_order+object_id,physical_placement|object_first|obj_coin,4,8,0.5,1.0,0.0,0.0,0,0.625,1.0,0.25,0.25,0,0.625,0.5,0.75,0.25,0,1.0
all,condition_id+target_order+object_id,physical_placement_fronted|person_first|obj_coin,4,8,1.0,1.0,1.0,1.0,0,0.75,0.5,1.0,0.5,0,0.75,1.0,0.5,0.5,0,0.5
all,condition_id+target_order+object_id,physical_placement_fronted|object_first|obj_coin,4,8,0.5,0.75,0.25,0.25,0,0.5,0.75,0.25,0.25,0,0.625,0.75,0.5,0.25,0,0.75
all,condition_id+target_order+object_id,physical_placement_person_subject|person_first|obj_coin,4,8,0.875,1.0,0.75,0.75,0,0.875,1.0,0.75,0.75,0,0.625,0.25,1.0,0.25,0,0.625
all,condition_id+target_order+object_id,physical_placement_person_subject|object_first|obj_coin,4,8,0.5,1.0,0.0,0.0,0,0.5,1.0,0.0,0.0,0,0.625,1.0,0.25,0.25,0,1.0
all,condition_id+target_order+object_id,physical_placement|person_first|obj_marble,4,8,0.625,1.0,0.25,0.25,0,0.75,0.5,1.0,0.5,0,0.5,0.5,0.5,0.0,0,0.875
all,condition_id+target_order+object_id,physical_placement|object_first|obj_marble,4,8,0.5,1.0,0.0,0.0,0,0.375,0.75,0.0,0.0,0,0.25,0.25,0.25,0.0,0,1.0
all,condition_id+target_order+object_id,physical_placement_fronted|person_first|obj_marble,4,8,0.75,1.0,0.5,0.5,0,0.875,0.75,1.0,0.75,0,0.875,0.75,1.0,0.75,0,0.75
all,condition_id+target_order+object_id,physical_placement_fronted|object_first|obj_marble,4,8,0.625,0.5,0.75,0.25,0,0.625,0.25,1.0,0.25,0,0.75,0.75,0.75,0.5,0,0.375
all,condition_id+target_order+object_id,physical_placement_person_subject|person_first|obj_marble,4,8,0.625,1.0,0.25,0.25,0,1.0,1.0,1.0,1.0,0,0.5,0.0,1.0,0.0,0,0.875
all,condition_id+target_order+object_id,physical_placement_person_subject|object_first|obj_marble,4,8,0.5,0.75,0.25,0.0,0,0.75,0.75,0.75,0.5,0,0.625,0.5,0.75,0.25,0,0.75
all,condition_id+target_order+object_id,physical_placement|person_first|obj_pebble,4,8,0.75,1.0,0.5,0.5,0,0.875,0.75,1.0,0.75,0,0.625,1.0,0.25,0.25,0,0.75
all,condition_id+target_order+object_id,physical_placement|object_first|obj_pebble,4,8,0.5,1.0,0.0,0.0,0,0.5,1.0,0.0,0.0,0,0.625,0.5,0.75,0.25,0,1.0
all,condition_id+target_order+object_id,physical_placement_fronted|person_first|obj_pebble,4,8,0.875,1.0,0.75,0.75,0,1.0,1.0,1.0,1.0,0,0.75,1.0,0.5,0.5,0,0.625
all,condition_id+target_order+object_id,physical_placement_fronted|object_first|obj_pebble,4,8,0.5,0.5,0.5,0.0,0,0.75,1.0,0.5,0.5,0,0.375,0.0,0.75,0.0,0,0.5
all,condition_id+target_order+object_id,physical_placement_person_subject|person_first|obj_pebble,4,8,0.75,1.0,0.5,0.5,0,1.0,1.0,1.0,1.0,0,0.5,0.0,1.0,0.0,0,0.75
all,condition_id+target_order+object_id,physical_placement_person_subject|object_first|obj_pebble,4,8,0.5,0.75,0.25,0.0,0,0.5,1.0,0.0,0.0,0,0.5,0.5,0.5,0.0,0,0.75
all,condition_id+target_order+object_id,direct_label|person_first|obj_ball,4,8,1.0,1.0,1.0,1.0,0,1.0,1.0,1.0,1.0,0,1.0,1.0,1.0,1.0,0,0.5
all,condition_id+target_order+object_id,proximity_paraphrase|person_first|obj_ball,4,8,1.0,1.0,1.0,1.0,0,0.625,0.25,1.0,0.25,0,0.5,1.0,0.0,0.0,0,0.5
all,condition_id+target_order+object_id,direct_label|object_first|obj_ball,4,8,1.0,1.0,1.0,1.0,0,1.0,1.0,1.0,1.0,0,1.0,1.0,1.0,1.0,0,0.5
all,condition_id+target_order+object_id,proximity_paraphrase|object_first|obj_ball,4,8,1.0,1.0,1.0,1.0,0,1.0,1.0,1.0,1.0,0,0.625,1.0,0.25,0.25,0,0.5
all,condition_id+target_order+object_id,direct_label|person_first|obj_bag,4,8,1.0,1.0,1.0,1.0,0,1.0,1.0,1.0,1.0,0,1.0,1.0,1.0,1.0,0,0.5
all,condition_id+target_order+object_id,proximity_paraphrase|person_first|obj_bag,4,8,0.875,0.75,1.0,0.75,0,0.5,0.0,1.0,0.0,0,0.875,1.0,0.75,0.75,0,0.375
all,condition_id+target_order+object_id,direct_label|object_first|obj_bag,4,8,1.0,1.0,1.0,1.0,0,0.875,0.75,1.0,0.75,0,1.0,1.0,1.0,1.0,0,0.5
all,condition_id+target_order+object_id,proximity_paraphrase|object_first|obj_bag,4,8,1.0,1.0,1.0,1.0,0,0.75,0.5,1.0,0.5,0,0.625,1.0,0.25,0.25,0,0.5
all,condition_id+target_order+object_id,direct_label|person_first|obj_book,4,8,0.875,0.75,1.0,0.75,0,0.75,0.5,1.0,0.5,0,1.0,1.0,1.0,1.0,0,0.375
all,condition_id+target_order+object_id,proximity_paraphrase|person_first|obj_book,4,8,0.875,0.75,1.0,0.75,0,0.5,0.0,1.0,0.0,0,1.0,1.0,1.0,1.0,0,0.375
all,condition_id+target_order+object_id,direct_label|object_first|obj_book,4,8,1.0,1.0,1.0,1.0,0,1.0,1.0,1.0,1.0,0,1.0,1.0,1.0,1.0,0,0.5
all,condition_id+target_order+object_id,proximity_paraphrase|object_first|obj_book,4,8,0.75,0.5,1.0,0.5,0,0.625,0.25,1.0,0.25,0,0.875,1.0,0.75,0.75,0,0.25
all,condition_id+target_order+object_id,direct_label|person_first|obj_cone,4,8,1.0,1.0,1.0,1.0,0,0.5,0.0,1.0,0.0,0,1.0,1.0,1.0,1.0,0,0.5
all,condition_id+target_order+object_id,proximity_paraphrase|person_first|obj_cone,4,8,0.875,0.75,1.0,0.75,0,0.5,0.0,1.0,0.0,0,0.75,1.0,0.5,0.5,0,0.375
all,condition_id+target_order+object_id,direct_label|object_first|obj_cone,4,8,1.0,1.0,1.0,1.0,0,0.75,0.5,1.0,0.5,0,1.0,1.0,1.0,1.0,0,0.5
all,condition_id+target_order+object_id,proximity_paraphrase|object_first|obj_cone,4,8,1.0,1.0,1.0,1.0,0,0.75,0.5,1.0,0.5,0,0.625,1.0,0.25,0.25,0,0.5
all,condition_id+target_order+object_id,direct_label|person_first|obj_helmet,4,8,0.875,0.75,1.0,0.75,0,0.625,0.25,1.0,0.25,0,1.0,1.0,1.0,1.0,0,0.375
all,condition_id+target_order+object_id,proximity_paraphrase|person_first|obj_helmet,4,8,0.75,0.5,1.0,0.5,0,0.625,0.25,1.0,0.25,0,1.0,1.0,1.0,1.0,0,0.25
all,condition_id+target_order+object_id,direct_label|object_first|obj_helmet,4,8,1.0,1.0,1.0,1.0,0,1.0,1.0,1.0,1.0,0,1.0,1.0,1.0,1.0,0,0.5
all,condition_id+target_order+object_id,proximity_paraphrase|object_first|obj_helmet,4,8,0.875,0.75,1.0,0.75,0,0.75,0.5,1.0,0.5,0,0.5,1.0,0.0,0.0,0,0.375
all,condition_id+target_order+object_id,direct_label|person_first|obj_cup,4,8,0.875,0.75,1.0,0.75,0,0.875,0.75,1.0,0.75,0,1.0,1.0,1.0,1.0,0,0.375
all,condition_id+target_order+object_id,proximity_paraphrase|person_first|obj_cup,4,8,0.75,0.5,1.0,0.5,0,0.5,0.0,1.0,0.0,0,0.875,1.0,0.75,0.75,0,0.25
all,condition_id+target_order+object_id,direct_label|object_first|obj_cup,4,8,1.0,1.0,1.0,1.0,0,1.0,1.0,1.0,1.0,0,1.0,1.0,1.0,1.0,0,0.5
all,condition_id+target_order+object_id,proximity_paraphrase|object_first|obj_cup,4,8,1.0,1.0,1.0,1.0,0,0.75,0.5,1.0,0.5,0,0.625,1.0,0.25,0.25,0,0.5
all,condition_id+target_order+object_id,direct_label|person_first|obj_key,4,8,1.0,1.0,1.0,1.0,0,0.875,0.75,1.0,0.75,0,1.0,1.0,1.0,1.0,0,0.5
all,condition_id+target_order+object_id,proximity_paraphrase|person_first|obj_key,4,8,0.5,0.0,1.0,0.0,0,0.5,0.0,1.0,0.0,0,0.625,1.0,0.25,0.25,0,0.0
all,condition_id+target_order+object_id,direct_label|object_first|obj_key,4,8,1.0,1.0,1.0,1.0,0,1.0,1.0,1.0,1.0,0,1.0,1.0,1.0,1.0,0,0.5
all,condition_id+target_order+object_id,proximity_paraphrase|object_first|obj_key,4,8,0.75,0.5,1.0,0.5,0,0.5,0.0,1.0,0.0,0,0.875,1.0,0.75,0.75,0,0.25
all,condition_id+target_order+object_id,direct_label|person_first|obj_coin,4,8,1.0,1.0,1.0,1.0,0,0.875,0.75,1.0,0.75,0,1.0,1.0,1.0,1.0,0,0.5
all,condition_id+target_order+object_id,proximity_paraphrase|person_first|obj_coin,4,8,0.875,0.75,1.0,0.75,0,0.625,0.25,1.0,0.25,0,1.0,1.0,1.0,1.0,0,0.375
all,condition_id+target_order+object_id,direct_label|object_first|obj_coin,4,8,1.0,1.0,1.0,1.0,0,1.0,1.0,1.0,1.0,0,1.0,1.0,1.0,1.0,0,0.5
all,condition_id+target_order+object_id,proximity_paraphrase|object_first|obj_coin,4,8,0.875,0.75,1.0,0.75,0,0.875,0.75,1.0,0.75,0,0.5,1.0,0.0,0.0,0,0.375
all,condition_id+target_order+object_id,direct_label|person_first|obj_marble,4,8,0.875,0.75,1.0,0.75,0,0.5,0.0,1.0,0.0,0,0.875,0.75,1.0,0.75,0,0.375
all,condition_id+target_order+object_id,proximity_paraphrase|person_first|obj_marble,4,8,0.875,0.75,1.0,0.75,0,0.5,0.0,1.0,0.0,0,0.875,1.0,0.75,0.75,0,0.375
all,condition_id+target_order+object_id,direct_label|object_first|obj_marble,4,8,1.0,1.0,1.0,1.0,0,0.875,0.75,1.0,0.75,0,1.0,1.0,1.0,1.0,0,0.5
all,condition_id+target_order+object_id,proximity_paraphrase|object_first|obj_marble,4,8,0.875,0.75,1.0,0.75,0,0.75,0.5,1.0,0.5,0,0.625,1.0,0.25,0.25,0,0.375
all,condition_id+target_order+object_id,direct_label|person_first|obj_pebble,4,8,1.0,1.0,1.0,1.0,0,1.0,1.0,1.0,1.0,0,1.0,1.0,1.0,1.0,0,0.5
all,condition_id+target_order+object_id,proximity_paraphrase|person_first|obj_pebble,4,8,0.625,0.25,1.0,0.25,0,0.5,0.0,1.0,0.0,0,0.75,1.0,0.5,0.5,0,0.125
all,condition_id+target_order+object_id,direct_label|object_first|obj_pebble,4,8,1.0,1.0,1.0,1.0,0,1.0,1.0,1.0,1.0,0,1.0,1.0,1.0,1.0,0,0.5
all,condition_id+target_order+object_id,proximity_paraphrase|object_first|obj_pebble,4,8,0.625,0.25,1.0,0.25,0,0.75,0.5,1.0,0.5,0,0.75,1.0,0.5,0.5,0,0.125
all,condition_id+target_order+name_id,physical_placement|person_first|name_0,36,72,0.9444444444444444,1.0,0.8888888888888888,0.8888888888888888,0,0.9444444444444444,0.9166666666666666,0.9722222222222222,0.8888888888888888,0,0.5,1.0,0.0,0.0,0,0.5555555555555556
all,condition_id+target_order+name_id,physical_placement|object_first|name_0,36,72,0.4444444444444444,0.8333333333333334,0.05555555555555555,0.027777777777777776,0,0.5,0.9444444444444444,0.05555555555555555,0.027777777777777776,0,0.5,0.9444444444444444,0.05555555555555555,0.0,0,0.8888888888888888
all,condition_id+target_order+name_id,physical_placement_fronted|person_first|name_0,36,72,0.7916666666666666,1.0,0.5833333333333334,0.5833333333333334,0,0.8194444444444444,0.8888888888888888,0.75,0.6388888888888888,0,0.5277777777777778,1.0,0.05555555555555555,0.05555555555555555,0,0.7083333333333334
all,condition_id+target_order+name_id,physical_placement_fronted|object_first|name_0,36,72,0.2222222222222222,0.2777777777777778,0.16666666666666666,0.05555555555555555,0,0.2916666666666667,0.5,0.08333333333333333,0.0,0,0.5,0.9722222222222222,0.027777777777777776,0.027777777777777776,0,0.5555555555555556
all,condition_id+target_order+name_id,physical_placement_person_subject|person_first|name_0,36,72,0.7777777777777778,0.9722222222222222,0.5833333333333334,0.5833333333333334,0,0.6944444444444444,0.8055555555555556,0.5833333333333334,0.3888888888888889,0,0.6527777777777778,0.6944444444444444,0.6111111111111112,0.3055555555555556,0,0.6944444444444444
all,condition_id+target_order+name_id,physical_placement_person_subject|object_first|name_0,36,72,0.2361111111111111,0.3333333333333333,0.1388888888888889,0.027777777777777776,0,0.3472222222222222,0.6111111111111112,0.08333333333333333,0.05555555555555555,0,0.3888888888888889,0.7222222222222222,0.05555555555555555,0.027777777777777776,0,0.5972222222222222
all,condition_id+target_order+name_id,physical_placement|person_first|name_1,36,72,0.6111111111111112,1.0,0.2222222222222222,0.2222222222222222,0,0.5972222222222222,0.19444444444444445,1.0,0.19444444444444445,0,0.5555555555555556,0.9722222222222222,0.1388888888888889,0.1111111111111111,0,0.8888888888888888
all,condition_id+target_order+name_id,physical_placement|object_first|name_1,36,72,0.4583333333333333,0.9166666666666666,0.0,0.0,0,0.4861111111111111,0.9444444444444444,0.027777777777777776,0.027777777777777776,0,0.4861111111111111,0.8611111111111112,0.1111111111111111,0.0,0,0.9583333333333334
all,condition_id+target_order+name_id,physical_placement_fronted|person_first|name_1,36,72,0.6666666666666666,1.0,0.3333333333333333,0.3333333333333333,0,0.625,0.25,1.0,0.25,0,0.5555555555555556,0.9444444444444444,0.16666666666666666,0.1111111111111111,0,0.8333333333333334
all,condition_id+target_order+name_id,physical_placement_fronted|object_first|name_1,36,72,0.4444444444444444,0.6111111111111112,0.2777777777777778,0.1111111111111111,0,0.4722222222222222,0.8888888888888888,0.05555555555555555,0.05555555555555555,0,0.5277777777777778,0.8611111111111112,0.19444444444444445,0.08333333333333333,0,0.6666666666666666
all,condition_id+target_order+name_id,physical_placement_person_subject|person_first|name_1,36,72,0.5972222222222222,1.0,0.19444444444444445,0.19444444444444445,0,0.75,0.5,1.0,0.5,0,0.6805555555555556,0.5,0.8611111111111112,0.3611111111111111,0,0.9027777777777778
all,condition_id+target_order+name_id,physical_placement_person_subject|object_first|name_1,36,72,0.5,1.0,0.0,0.0,0,0.5,1.0,0.0,0.0,0,0.4027777777777778,0.6666666666666666,0.1388888888888889,0.0,0,1.0
all,condition_id+target_order+name_id,physical_placement|person_first|name_2,36,72,0.625,0.9722222222222222,0.2777777777777778,0.2777777777777778,0,0.7916666666666666,0.8055555555555556,0.7777777777777778,0.5833333333333334,0,0.5,1.0,0.0,0.0,0,0.8472222222222222
all,condition_id+target_order+name_id,physical_placement|object_first|name_2,36,72,0.5,1.0,0.0,0.0,0,0.4305555555555556,0.8055555555555556,0.05555555555555555,0.027777777777777776,0,0.5,0.8888888888888888,0.1111111111111111,0.05555555555555555,0,1.0
all,condition_id+target_order+name_id,physical_placement_fronted|person_first|name_2,36,72,0.9166666666666666,0.9722222222222222,0.8611111111111112,0.8333333333333334,0,0.8333333333333334,0.6944444444444444,0.9722222222222222,0.6666666666666666,0,0.5972222222222222,1.0,0.19444444444444445,0.19444444444444445,0,0.5555555555555556
all,condition_id+target_order+name_id,physical_placement_fronted|object_first|name_2,36,72,0.5138888888888888,1.0,0.027777777777777776,0.027777777777777776,0,0.4305555555555556,0.75,0.1111111111111111,0.05555555555555555,0,0.5277777777777778,0.9444444444444444,0.1111111111111111,0.05555555555555555,0,0.9861111111111112
all,condition_id+target_order+name_id,physical_placement_person_subject|person_first|name_2,36,72,0.6666666666666666,0.9444444444444444,0.3888888888888889,0.3888888888888889,0,0.8055555555555556,0.8055555555555556,0.8055555555555556,0.6111111111111112,0,0.6527777777777778,0.5,0.8055555555555556,0.3055555555555556,0,0.7777777777777778
all,condition_id+target_order+name_id,physical_placement_person_subject|object_first|name_2,36,72,0.5,1.0,0.0,0.0,0,0.5138888888888888,0.8611111111111112,0.16666666666666666,0.05555555555555555,0,0.5277777777777778,0.9444444444444444,0.1111111111111111,0.05555555555555555,0,1.0
all,condition_id+target_order+name_id,physical_placement|person_first|name_3,36,72,0.6388888888888888,0.9722222222222222,0.3055555555555556,0.2777777777777778,0,0.6666666666666666,0.3333333333333333,1.0,0.3333333333333333,0,0.5,0.9722222222222222,0.027777777777777776,0.0,0,0.8333333333333334
all,condition_id+target_order+name_id,physical_placement|object_first|name_3,36,72,0.5,1.0,0.0,0.0,0,0.3888888888888889,0.6944444444444444,0.08333333333333333,0.05555555555555555,0,0.4722222222222222,0.8333333333333334,0.1111111111111111,0.0,0,1.0
all,condition_id+target_order+name_id,physical_placement_fronted|person_first|name_3,36,72,0.7222222222222222,1.0,0.4444444444444444,0.4444444444444444,0,0.6666666666666666,0.3333333333333333,1.0,0.3333333333333333,0,0.5416666666666666,1.0,0.08333333333333333,0.08333333333333333,0,0.7777777777777778
all,condition_id+target_order+name_id,physical_placement_fronted|object_first|name_3,36,72,0.4861111111111111,0.9722222222222222,0.0,0.0,0,0.375,0.6111111111111112,0.1388888888888889,0.1111111111111111,0,0.5138888888888888,0.9444444444444444,0.08333333333333333,0.027777777777777776,0,0.9861111111111112
all,condition_id+target_order+name_id,physical_placement_person_subject|person_first|name_3,36,72,0.5416666666666666,1.0,0.08333333333333333,0.08333333333333333,0,0.8055555555555556,0.6388888888888888,0.9722222222222222,0.6111111111111112,0,0.6527777777777778,0.8055555555555556,0.5,0.3055555555555556,0,0.9583333333333334
all,condition_id+target_order+name_id,physical_placement_person_subject|object_first|name_3,36,72,0.5,1.0,0.0,0.0,0,0.5,0.9722222222222222,0.027777777777777776,0.0,0,0.4861111111111111,0.8055555555555556,0.16666666666666666,0.027777777777777776,0,1.0
all,condition_id+target_order+name_id,direct_label|person_first|name_0,10,20,0.8,0.6,1.0,0.6,0,0.75,0.5,1.0,0.5,0,1.0,1.0,1.0,1.0,0,0.3
all,condition_id+target_order+name_id,proximity_paraphrase|person_first|name_0,10,20,0.55,0.1,1.0,0.1,0,0.5,0.0,1.0,0.0,0,0.65,1.0,0.3,0.3,0,0.05
all,condition_id+target_order+name_id,direct_label|object_first|name_0,10,20,1.0,1.0,1.0,1.0,0,1.0,1.0,1.0,1.0,0,1.0,1.0,1.0,1.0,0,0.5
all,condition_id+target_order+name_id,proximity_paraphrase|object_first|name_0,10,20,0.8,0.6,1.0,0.6,0,0.95,0.9,1.0,0.9,0,0.5,1.0,0.0,0.0,0,0.3
all,condition_id+target_order+name_id,direct_label|person_first|name_1,10,20,1.0,1.0,1.0,1.0,0,0.75,0.5,1.0,0.5,0,0.95,0.9,1.0,0.9,0,0.5
all,condition_id+target_order+name_id,proximity_paraphrase|person_first|name_1,10,20,0.85,0.7,1.0,0.7,0,0.5,0.0,1.0,0.0,0,0.9,1.0,0.8,0.8,0,0.35
all,condition_id+target_order+name_id,direct_label|object_first|name_1,10,20,1.0,1.0,1.0,1.0,0,1.0,1.0,1.0,1.0,0,1.0,1.0,1.0,1.0,0,0.5
all,condition_id+target_order+name_id,proximity_paraphrase|object_first|name_1,10,20,0.75,0.5,1.0,0.5,0,0.9,0.8,1.0,0.8,0,0.9,1.0,0.8,0.8,0,0.25
all,condition_id+target_order+name_id,direct_label|person_first|name_2,10,20,1.0,1.0,1.0,1.0,0,0.9,0.8,1.0,0.8,0,1.0,1.0,1.0,1.0,0,0.5
all,condition_id+target_order+name_id,proximity_paraphrase|person_first|name_2,10,20,0.85,0.7,1.0,0.7,0,0.6,0.2,1.0,0.2,0,0.85,1.0,0.7,0.7,0,0.35
all,condition_id+target_order+name_id,direct_label|object_first|name_2,10,20,1.0,1.0,1.0,1.0,0,0.9,0.8,1.0,0.8,0,1.0,1.0,1.0,1.0,0,0.5
all,condition_id+target_order+name_id,proximity_paraphrase|object_first|name_2,10,20,0.95,0.9,1.0,0.9,0,0.6,0.2,1.0,0.2,0,0.6,1.0,0.2,0.2,0,0.45
all,condition_id+target_order+name_id,direct_label|person_first|name_3,10,20,1.0,1.0,1.0,1.0,0,0.8,0.6,1.0,0.6,0,1.0,1.0,1.0,1.0,0,0.5
all,condition_id+target_order+name_id,proximity_paraphrase|person_first|name_3,10,20,0.95,0.9,1.0,0.9,0,0.55,0.1,1.0,0.1,0,0.9,1.0,0.8,0.8,0,0.45
all,condition_id+target_order+name_id,direct_label|object_first|name_3,10,20,1.0,1.0,1.0,1.0,0,0.9,0.8,1.0,0.8,0,1.0,1.0,1.0,1.0,0,0.5
all,condition_id+target_order+name_id,proximity_paraphrase|object_first|name_3,10,20,1.0,1.0,1.0,1.0,0,0.55,0.1,1.0,0.1,0,0.65,1.0,0.3,0.3,0,0.5
all,scene_id,between_feet,96,192,0.578125,0.8854166666666666,0.2708333333333333,0.2604166666666667,0,0.5104166666666666,0.5520833333333334,0.46875,0.16666666666666666,0,0.5416666666666666,0.9375,0.14583333333333334,0.09375,0,0.8072916666666666
all,scene_id,in_hand,96,192,0.5364583333333334,0.8541666666666666,0.21875,0.19791666666666666,0,0.6302083333333334,0.7604166666666666,0.5,0.375,0,0.5104166666666666,0.8125,0.20833333333333334,0.07291666666666667,0,0.8177083333333334
all,scene_id,on_lap,96,192,0.5364583333333334,0.9166666666666666,0.15625,0.13541666666666666,0,0.6510416666666666,0.8854166666666666,0.4166666666666667,0.34375,0,0.5104166666666666,0.84375,0.17708333333333334,0.07291666666666667,0,0.8802083333333334
all,scene_id,against_elbow,96,192,0.5416666666666666,0.8854166666666666,0.19791666666666666,0.1875,0,0.53125,0.625,0.4375,0.21875,0,0.5,0.8958333333333334,0.10416666666666667,0.052083333333333336,0,0.84375
all,scene_id,neighboring_seat,96,192,0.6302083333333334,0.9895833333333334,0.2708333333333333,0.2604166666666667,0,0.640625,0.8125,0.46875,0.28125,0,0.5520833333333334,1.0,0.10416666666666667,0.10416666666666667,0,0.859375
all,scene_id,shared_floor_tile,96,192,0.5052083333333334,0.8958333333333334,0.11458333333333333,0.11458333333333333,0,0.5520833333333334,0.625,0.4791666666666667,0.20833333333333334,0,0.5052083333333334,0.9479166666666666,0.0625,0.052083333333333336,0,0.890625
all,scene_id,worn_jacket_pocket,96,192,0.6666666666666666,0.9166666666666666,0.4166666666666667,0.34375,0,0.75,0.8125,0.6875,0.5208333333333334,0,0.6041666666666666,0.53125,0.6770833333333334,0.23958333333333334,0,0.75
all,scene_id,between_owned_shoes,96,192,0.5625,0.8541666666666666,0.2708333333333333,0.25,0,0.515625,0.5625,0.46875,0.15625,0,0.5208333333333334,0.8854166666666666,0.15625,0.0625,0,0.7916666666666666
all,scene_id,between_worn_shoes,96,192,0.6197916666666666,0.96875,0.2708333333333333,0.2604166666666667,0,0.5572916666666666,0.6458333333333334,0.46875,0.15625,0,0.5364583333333334,0.9375,0.13541666666666666,0.07291666666666667,0,0.8489583333333334
all,scene_id,shared_control,160,320,0.90625,0.8125,1.0,0.8125,0,0.759375,0.51875,1.0,0.51875,0,0.86875,0.99375,0.74375,0.7375,0,0.40625
all,scene_role,main,672,1344,0.5706845238095238,0.90625,0.23511904761904762,0.21428571428571427,0,0.609375,0.7247023809523809,0.49404761904761907,0.3020833333333333,0,0.5319940476190477,0.8526785714285714,0.2113095238095238,0.09821428571428571,0,0.8355654761904762
all,scene_role,ambiguity_control,96,192,0.5625,0.8541666666666666,0.2708333333333333,0.25,0,0.515625,0.5625,0.46875,0.15625,0,0.5208333333333334,0.8854166666666666,0.15625,0.0625,0,0.7916666666666666
all,scene_role,explicit_clothing_control,96,192,0.6197916666666666,0.96875,0.2708333333333333,0.2604166666666667,0,0.5572916666666666,0.6458333333333334,0.46875,0.15625,0,0.5364583333333334,0.9375,0.13541666666666666,0.07291666666666667,0,0.8489583333333334
all,scene_role,shared_control,160,320,0.90625,0.8125,1.0,0.8125,0,0.759375,0.51875,1.0,0.51875,0,0.86875,0.99375,0.74375,0.7375,0,0.40625
all,scene_id+target_order,between_feet|person_first,48,96,0.7604166666666666,1.0,0.5208333333333334,0.5208333333333334,0,0.6666666666666666,0.4166666666666667,0.9166666666666666,0.3333333333333333,0,0.59375,0.8958333333333334,0.2916666666666667,0.1875,0,0.7395833333333334
all,scene_id+target_order,between_feet|object_first,48,96,0.3958333333333333,0.7708333333333334,0.020833333333333332,0.0,0,0.3541666666666667,0.6875,0.020833333333333332,0.0,0,0.4895833333333333,0.9791666666666666,0.0,0.0,0,0.875
all,scene_id+target_order,in_hand|person_first,48,96,0.6979166666666666,1.0,0.3958333333333333,0.3958333333333333,0,0.875,0.8958333333333334,0.8541666666666666,0.75,0,0.5729166666666666,0.8333333333333334,0.3125,0.14583333333333334,0,0.8020833333333334
all,scene_id+target_order,in_hand|object_first,48,96,0.375,0.7083333333333334,0.041666666666666664,0.0,0,0.3854166666666667,0.625,0.14583333333333334,0.0,0,0.4479166666666667,0.7916666666666666,0.10416666666666667,0.0,0,0.8333333333333334
all,scene_id+target_order,on_lap|person_first,48,96,0.6354166666666666,1.0,0.2708333333333333,0.2708333333333333,0,0.84375,0.8541666666666666,0.8333333333333334,0.6875,0,0.5729166666666666,0.7916666666666666,0.3541666666666667,0.14583333333333334,0,0.8645833333333334
all,scene_id+target_order,on_lap|object_first,48,96,0.4375,0.8333333333333334,0.041666666666666664,0.0,0,0.4583333333333333,0.9166666666666666,0.0,0.0,0,0.4479166666666667,0.8958333333333334,0.0,0.0,0,0.8958333333333334
all,scene_id+target_order,against_elbow|person_first,48,96,0.6875,1.0,0.375,0.375,0,0.71875,0.5625,0.875,0.4375,0,0.5520833333333334,0.9166666666666666,0.1875,0.10416666666666667,0,0.8125
all,scene_id+target_order,against_elbow|object_first,48,96,0.3958333333333333,0.7708333333333334,0.020833333333333332,0.0,0,0.34375,0.6875,0.0,0.0,0,0.4479166666666667,0.875,0.020833333333333332,0.0,0,0.875
all,scene_id+target_order,neighboring_seat|person_first,48,96,0.7291666666666666,1.0,0.4583333333333333,0.4583333333333333,0,0.7708333333333334,0.625,0.9166666666666666,0.5416666666666666,0,0.5729166666666666,1.0,0.14583333333333334,0.14583333333333334,0,0.7708333333333334
all,scene_id+target_order,neighboring_seat|object_first,48,96,0.53125,0.9791666666666666,0.08333333333333333,0.0625,0,0.5104166666666666,1.0,0.020833333333333332,0.020833333333333332,0,0.53125,1.0,0.0625,0.0625,0,0.9479166666666666
all,scene_id+target_order,shared_floor_tile|person_first,48,96,0.5833333333333334,0.9375,0.22916666666666666,0.22916666666666666,0,0.7083333333333334,0.4583333333333333,0.9583333333333334,0.4166666666666667,0,0.5520833333333334,0.9791666666666666,0.125,0.10416666666666667,0,0.8541666666666666
all,scene_id+target_order,shared_floor_tile|object_first,48,96,0.4270833333333333,0.8541666666666666,0.0,0.0,0,0.3958333333333333,0.7916666666666666,0.0,0.0,0,0.4583333333333333,0.9166666666666666,0.0,0.0,0,0.9270833333333334
all,scene_id+target_order,worn_jacket_pocket|person_first,48,96,0.78125,0.9791666666666666,0.5833333333333334,0.5625,0,0.8541666666666666,0.7708333333333334,0.9375,0.7083333333333334,0,0.6354166666666666,0.6041666666666666,0.6666666666666666,0.2708333333333333,0,0.6979166666666666
all,scene_id+target_order,worn_jacket_pocket|object_first,48,96,0.5520833333333334,0.8541666666666666,0.25,0.125,0,0.6458333333333334,0.8541666666666666,0.4375,0.3333333333333333,0,0.5729166666666666,0.4583333333333333,0.6875,0.20833333333333334,0,0.8020833333333334
all,scene_id+target_order,between_owned_shoes|person_first,48,96,0.7395833333333334,0.9583333333333334,0.5208333333333334,0.5,0,0.65625,0.3958333333333333,0.9166666666666666,0.3125,0,0.5625,0.8333333333333334,0.2916666666666667,0.125,0,0.71875
all,scene_id+target_order,between_owned_shoes|object_first,48,96,0.3854166666666667,0.75,0.020833333333333332,0.0,0,0.375,0.7291666666666666,0.020833333333333332,0.0,0,0.4791666666666667,0.9375,0.020833333333333332,0.0,0,0.8645833333333334
all,scene_id+target_order,between_worn_shoes|person_first,48,96,0.7604166666666666,1.0,0.5208333333333334,0.5208333333333334,0,0.65625,0.3958333333333333,0.9166666666666666,0.3125,0,0.5729166666666666,0.9375,0.20833333333333334,0.14583333333333334,0,0.7395833333333334
all,scene_id+target_order,between_worn_shoes|object_first,48,96,0.4791666666666667,0.9375,0.020833333333333332,0.0,0,0.4583333333333333,0.8958333333333334,0.020833333333333332,0.0,0,0.5,0.9375,0.0625,0.0,0,0.9583333333333334
all,scene_id+target_order,shared_control|person_first,80,160,0.875,0.75,1.0,0.75,0,0.66875,0.3375,1.0,0.3375,0,0.90625,0.9875,0.825,0.8125,0,0.375
all,scene_id+target_order,shared_control|object_first,80,160,0.9375,0.875,1.0,0.875,0,0.85,0.7,1.0,0.7,0,0.83125,1.0,0.6625,0.6625,0,0.4375
all,scene_id+context_structure+target_order,between_feet|object_subject|person_first,16,32,0.71875,1.0,0.4375,0.4375,0,0.6875,0.375,1.0,0.375,0,0.53125,1.0,0.0625,0.0625,0,0.78125
all,scene_id+context_structure+target_order,between_feet|object_subject|object_first,16,32,0.5,1.0,0.0,0.0,0,0.40625,0.8125,0.0,0.0,0,0.5,1.0,0.0,0.0,0,1.0
all,scene_id+context_structure+target_order,between_feet|fronted_location|person_first,16,32,0.8125,1.0,0.625,0.625,0,0.59375,0.3125,0.875,0.1875,0,0.5,1.0,0.0,0.0,0,0.6875
all,scene_id+context_structure+target_order,between_feet|fronted_location|object_first,16,32,0.3125,0.5625,0.0625,0.0,0,0.28125,0.5625,0.0,0.0,0,0.5,1.0,0.0,0.0,0,0.75
all,scene_id+context_structure+target_order,between_feet|person_subject|person_first,16,32,0.75,1.0,0.5,0.5,0,0.71875,0.5625,0.875,0.4375,0,0.75,0.6875,0.8125,0.5,0,0.75
all,scene_id+context_structure+target_order,between_feet|person_subject|object_first,16,32,0.375,0.75,0.0,0.0,0,0.375,0.6875,0.0625,0.0,0,0.46875,0.9375,0.0,0.0,0,0.875
all,scene_id+context_structure+target_order,in_hand|object_subject|person_first,16,32,0.6875,1.0,0.375,0.375,0,0.8125,0.875,0.75,0.625,0,0.5,1.0,0.0,0.0,0,0.8125
all,scene_id+context_structure+target_order,in_hand|object_subject|object_first,16,32,0.375,0.6875,0.0625,0.0,0,0.375,0.5625,0.1875,0.0,0,0.5,0.8125,0.1875,0.0,0,0.8125
all,scene_id+context_structure+target_order,in_hand|fronted_location|person_first,16,32,0.84375,1.0,0.6875,0.6875,0,0.90625,0.875,0.9375,0.8125,0,0.53125,1.0,0.0625,0.0625,0,0.65625
all,scene_id+context_structure+target_order,in_hand|fronted_location|object_first,16,32,0.375,0.6875,0.0625,0.0,0,0.34375,0.5625,0.125,0.0,0,0.5,1.0,0.0,0.0,0,0.8125
all,scene_id+context_structure+target_order,in_hand|person_subject|person_first,16,32,0.5625,1.0,0.125,0.125,0,0.90625,0.9375,0.875,0.8125,0,0.6875,0.5,0.875,0.375,0,0.9375
all,scene_id+context_structure+target_order,in_hand|person_subject|object_first,16,32,0.375,0.75,0.0,0.0,0,0.4375,0.75,0.125,0.0,0,0.34375,0.5625,0.125,0.0,0,0.875
all,scene_id+context_structure+target_order,on_lap|object_subject|person_first,16,32,0.6875,1.0,0.375,0.375,0,0.8125,0.8125,0.8125,0.625,0,0.5,1.0,0.0,0.0,0,0.8125
all,scene_id+context_structure+target_order,on_lap|object_subject|object_first,16,32,0.5,1.0,0.0,0.0,0,0.5,1.0,0.0,0.0,0,0.5,1.0,0.0,0.0,0,1.0
all,scene_id+context_structure+target_order,on_lap|fronted_location|person_first,16,32,0.6875,1.0,0.375,0.375,0,0.90625,0.875,0.9375,0.8125,0,0.5625,1.0,0.125,0.125,0,0.8125
all,scene_id+context_structure+target_order,on_lap|fronted_location|object_first,16,32,0.40625,0.75,0.0625,0.0,0,0.4375,0.875,0.0,0.0,0,0.5,1.0,0.0,0.0,0,0.84375
all,scene_id+context_structure+target_order,on_lap|person_subject|person_first,16,32,0.53125,1.0,0.0625,0.0625,0,0.8125,0.875,0.75,0.625,0,0.65625,0.375,0.9375,0.3125,0,0.96875
all,scene_id+context_structure+target_order,on_lap|person_subject|object_first,16,32,0.40625,0.75,0.0625,0.0,0,0.4375,0.875,0.0,0.0,0,0.34375,0.6875,0.0,0.0,0,0.84375
all,scene_id+context_structure+target_order,against_elbow|object_subject|person_first,16,32,0.71875,1.0,0.4375,0.4375,0,0.75,0.5625,0.9375,0.5,0,0.5,1.0,0.0,0.0,0,0.78125
all,scene_id+context_structure+target_order,against_elbow|object_subject|object_first,16,32,0.4375,0.875,0.0,0.0,0,0.34375,0.6875,0.0,0.0,0,0.5,1.0,0.0,0.0,0,0.9375
all,scene_id+context_structure+target_order,against_elbow|fronted_location|person_first,16,32,0.71875,1.0,0.4375,0.4375,0,0.71875,0.5,0.9375,0.4375,0,0.5,1.0,0.0,0.0,0,0.78125
all,scene_id+context_structure+target_order,against_elbow|fronted_location|object_first,16,32,0.34375,0.625,0.0625,0.0,0,0.25,0.5,0.0,0.0,0,0.5,1.0,0.0,0.0,0,0.78125
all,scene_id+context_structure+target_order,against_elbow|person_subject|person_first,16,32,0.625,1.0,0.25,0.25,0,0.6875,0.625,0.75,0.375,0,0.65625,0.75,0.5625,0.3125,0,0.875
all,scene_id+context_structure+target_order,against_elbow|person_subject|object_first,16,32,0.40625,0.8125,0.0,0.0,0,0.4375,0.875,0.0,0.0,0,0.34375,0.625,0.0625,0.0,0,0.90625
all,scene_id+context_structure+target_order,neighboring_seat|object_subject|person_first,16,32,0.78125,1.0,0.5625,0.5625,0,0.875,0.75,1.0,0.75,0,0.5,1.0,0.0,0.0,0,0.71875
all,scene_id+context_structure+target_order,neighboring_seat|object_subject|object_first,16,32,0.5,1.0,0.0,0.0,0,0.5,1.0,0.0,0.0,0,0.5,1.0,0.0,0.0,0,1.0
all,scene_id+context_structure+target_order,neighboring_seat|fronted_location|person_first,16,32,0.78125,1.0,0.5625,0.5625,0,0.71875,0.5,0.9375,0.4375,0,0.5,1.0,0.0,0.0,0,0.71875
all,scene_id+context_structure+target_order,neighboring_seat|fronted_location|object_first,16,32,0.59375,1.0,0.1875,0.1875,0,0.53125,1.0,0.0625,0.0625,0,0.59375,1.0,0.1875,0.1875,0,0.90625
all,scene_id+context_structure+target_order,neighboring_seat|person_subject|person_first,16,32,0.625,1.0,0.25,0.25,0,0.71875,0.625,0.8125,0.4375,0,0.71875,1.0,0.4375,0.4375,0,0.875
all,scene_id+context_structure+target_order,neighboring_seat|person_subject|object_first,16,32,0.5,0.9375,0.0625,0.0,0,0.5,1.0,0.0,0.0,0,0.5,1.0,0.0,0.0,0,0.9375
all,scene_id+context_structure+target_order,shared_floor_tile|object_subject|person_first,16,32,0.59375,1.0,0.1875,0.1875,0,0.75,0.5,1.0,0.5,0,0.5,1.0,0.0,0.0,0,0.90625
all,scene_id+context_structure+target_order,shared_floor_tile|object_subject|object_first,16,32,0.5,1.0,0.0,0.0,0,0.4375,0.875,0.0,0.0,0,0.40625,0.8125,0.0,0.0,0,1.0
all,scene_id+context_structure+target_order,shared_floor_tile|fronted_location|person_first,16,32,0.65625,1.0,0.3125,0.3125,0,0.75,0.5,1.0,0.5,0,0.59375,1.0,0.1875,0.1875,0,0.84375
all,scene_id+context_structure+target_order,shared_floor_tile|fronted_location|object_first,16,32,0.34375,0.6875,0.0,0.0,0,0.28125,0.5625,0.0,0.0,0,0.46875,0.9375,0.0,0.0,0,0.84375
all,scene_id+context_structure+target_order,shared_floor_tile|person_subject|person_first,16,32,0.5,0.8125,0.1875,0.1875,0,0.625,0.375,0.875,0.25,0,0.5625,0.9375,0.1875,0.125,0,0.8125
all,scene_id+context_structure+target_order,shared_floor_tile|person_subject|object_first,16,32,0.4375,0.875,0.0,0.0,0,0.46875,0.9375,0.0,0.0,0,0.5,1.0,0.0,0.0,0,0.9375
all,scene_id+context_structure+target_order,worn_jacket_pocket|object_subject|person_first,16,32,0.75,0.9375,0.5625,0.5,0,0.71875,0.5,0.9375,0.4375,0,0.5625,0.875,0.25,0.125,0,0.6875
all,scene_id+context_structure+target_order,worn_jacket_pocket|object_subject|object_first,16,32,0.53125,1.0,0.0625,0.0625,0,0.625,0.9375,0.3125,0.3125,0,0.5,0.3125,0.6875,0.125,0,0.96875
all,scene_id+context_structure+target_order,worn_jacket_pocket|fronted_location|person_first,16,32,0.875,1.0,0.75,0.75,0,0.90625,0.8125,1.0,0.8125,0,0.8125,0.875,0.75,0.625,0,0.625
all,scene_id+context_structure+target_order,worn_jacket_pocket|fronted_location|object_first,16,32,0.59375,0.6875,0.5,0.25,0,0.6875,0.6875,0.6875,0.4375,0,0.59375,0.4375,0.75,0.25,0,0.59375
all,scene_id+context_structure+target_order,worn_jacket_pocket|person_subject|person_first,16,32,0.71875,1.0,0.4375,0.4375,0,0.9375,1.0,0.875,0.875,0,0.53125,0.0625,1.0,0.0625,0,0.78125
all,scene_id+context_structure+target_order,worn_jacket_pocket|person_subject|object_first,16,32,0.53125,0.875,0.1875,0.0625,0,0.625,0.9375,0.3125,0.25,0,0.625,0.625,0.625,0.25,0,0.84375
all,scene_id+context_structure+target_order,between_owned_shoes|object_subject|person_first,16,32,0.6875,0.9375,0.4375,0.4375,0,0.65625,0.3125,1.0,0.3125,0,0.53125,1.0,0.0625,0.0625,0,0.75
all,scene_id+context_structure+target_order,between_owned_shoes|object_subject|object_first,16,32,0.4375,0.875,0.0,0.0,0,0.4375,0.875,0.0,0.0,0,0.5,1.0,0.0,0.0,0,0.9375
all,scene_id+context_structure+target_order,between_owned_shoes|fronted_location|person_first,16,32,0.78125,0.9375,0.625,0.5625,0,0.5625,0.25,0.875,0.125,0,0.5,1.0,0.0,0.0,0,0.65625
all,scene_id+context_structure+target_order,between_owned_shoes|fronted_location|object_first,16,32,0.34375,0.625,0.0625,0.0,0,0.28125,0.5625,0.0,0.0,0,0.5,1.0,0.0,0.0,0,0.78125
all,scene_id+context_structure+target_order,between_owned_shoes|person_subject|person_first,16,32,0.75,1.0,0.5,0.5,0,0.75,0.625,0.875,0.5,0,0.65625,0.5,0.8125,0.3125,0,0.75
all,scene_id+context_structure+target_order,between_owned_shoes|person_subject|object_first,16,32,0.375,0.75,0.0,0.0,0,0.40625,0.75,0.0625,0.0,0,0.4375,0.8125,0.0625,0.0,0,0.875
all,scene_id+context_structure+target_order,between_worn_shoes|object_subject|person_first,16,32,0.71875,1.0,0.4375,0.4375,0,0.6875,0.375,1.0,0.375,0,0.5,1.0,0.0,0.0,0,0.78125
all,scene_id+context_structure+target_order,between_worn_shoes|object_subject|object_first,16,32,0.5,1.0,0.0,0.0,0,0.4375,0.875,0.0,0.0,0,0.5,1.0,0.0,0.0,0,1.0
all,scene_id+context_structure+target_order,between_worn_shoes|fronted_location|person_first,16,32,0.8125,1.0,0.625,0.625,0,0.5625,0.25,0.875,0.125,0,0.5,1.0,0.0,0.0,0,0.6875
all,scene_id+context_structure+target_order,between_worn_shoes|fronted_location|object_first,16,32,0.4375,0.8125,0.0625,0.0,0,0.4375,0.875,0.0,0.0,0,0.5,1.0,0.0,0.0,0,0.875
all,scene_id+context_structure+target_order,between_worn_shoes|person_subject|person_first,16,32,0.75,1.0,0.5,0.5,0,0.71875,0.5625,0.875,0.4375,0,0.71875,0.8125,0.625,0.4375,0,0.75
all,scene_id+context_structure+target_order,between_worn_shoes|person_subject|object_first,16,32,0.5,1.0,0.0,0.0,0,0.5,0.9375,0.0625,0.0,0,0.5,0.8125,0.1875,0.0,0,1.0
all,scene_id+context_structure+target_order,shared_control|object_subject|person_first,80,160,0.875,0.75,1.0,0.75,0,0.66875,0.3375,1.0,0.3375,0,0.90625,0.9875,0.825,0.8125,0,0.375
all,scene_id+context_structure+target_order,shared_control|object_subject|object_first,80,160,0.9375,0.875,1.0,0.875,0,0.85,0.7,1.0,0.7,0,0.83125,1.0,0.6625,0.6625,0,0.4375
main_scenes,overall,all,672,1344,0.5706845238095238,0.90625,0.23511904761904762,0.21428571428571427,0,0.609375,0.7247023809523809,0.49404761904761907,0.3020833333333333,0,0.5319940476190477,0.8526785714285714,0.2113095238095238,0.09821428571428571,0,0.8355654761904762
main_scenes,condition_id,physical_placement,224,448,0.5915178571428571,0.9642857142857143,0.21875,0.20982142857142858,0,0.6138392857142857,0.7321428571428571,0.4955357142857143,0.29464285714285715,0,0.5,0.9151785714285714,0.08482142857142858,0.022321428571428572,0,0.8727678571428571
main_scenes,condition_id,physical_placement_fronted,224,448,0.5959821428571429,0.8571428571428571,0.33482142857142855,0.29910714285714285,0,0.59375,0.6517857142857143,0.5357142857142857,0.32142857142857145,0,0.546875,0.9464285714285714,0.14732142857142858,0.10267857142857142,0,0.7611607142857143
main_scenes,condition_id,physical_placement_person_subject,224,448,0.5245535714285714,0.8973214285714286,0.15178571428571427,0.13392857142857142,0,0.6205357142857143,0.7901785714285714,0.45089285714285715,0.29017857142857145,0,0.5491071428571429,0.6964285714285714,0.4017857142857143,0.16964285714285715,0,0.8727678571428571
main_scenes,target_order,person_first,336,672,0.6964285714285714,0.9880952380952381,0.40476190476190477,0.4017857142857143,0,0.7767857142857143,0.6547619047619048,0.8988095238095238,0.5535714285714286,0,0.5788690476190477,0.8601190476190477,0.2976190476190476,0.15773809523809523,0,0.7916666666666666
main_scenes,target_order,object_first,336,672,0.44494047619047616,0.8244047619047619,0.06547619047619048,0.026785714285714284,0,0.4419642857142857,0.7946428571428571,0.08928571428571429,0.050595238095238096,0,0.4851190476190476,0.8452380952380952,0.125,0.03869047619047619,0,0.8794642857142857
main_scenes,condition_id+target_order,physical_placement|person_first,112,224,0.7053571428571429,0.9910714285714286,0.41964285714285715,0.4107142857142857,0,0.7723214285714286,0.625,0.9196428571428571,0.5446428571428571,0,0.5133928571428571,0.9821428571428571,0.044642857142857144,0.026785714285714284,0,0.7857142857142857
main_scenes,condition_id+target_order,physical_placement|object_first,112,224,0.47767857142857145,0.9375,0.017857142857142856,0.008928571428571428,0,0.45535714285714285,0.8392857142857143,0.07142857142857142,0.044642857142857144,0,0.48660714285714285,0.8482142857142857,0.125,0.017857142857142856,0,0.9598214285714286
main_scenes,condition_id+target_order,physical_placement_fronted|person_first,112,224,0.7678571428571429,1.0,0.5357142857142857,0.5357142857142857,0,0.7857142857142857,0.625,0.9464285714285714,0.5714285714285714,0,0.5714285714285714,0.9821428571428571,0.16071428571428573,0.14285714285714285,0,0.7321428571428571
main_scenes,condition_id+target_order,physical_placement_fronted|object_first,112,224,0.42410714285714285,0.7142857142857143,0.13392857142857142,0.0625,0,0.4017857142857143,0.6785714285714286,0.125,0.07142857142857142,0,0.5223214285714286,0.9107142857142857,0.13392857142857142,0.0625,0,0.7901785714285714
main_scenes,condition_id+target_order,physical_placement_person_subject|person_first,112,224,0.6160714285714286,0.9732142857142857,0.25892857142857145,0.25892857142857145,0,0.7723214285714286,0.7142857142857143,0.8303571428571429,0.5446428571428571,0,0.6517857142857143,0.6160714285714286,0.6875,0.30357142857142855,0,0.8571428571428571
main_scenes,condition_id+target_order,physical_placement_person_subject|object_first,112,224,0.4330357142857143,0.8214285714285714,0.044642857142857144,0.008928571428571428,0,0.46875,0.8660714285714286,0.07142857142857142,0.03571428571428571,0,0.44642857142857145,0.7767857142857143,0.11607142857142858,0.03571428571428571,0,0.8883928571428571
main_scenes,condition_id+target_order+object_id,physical_placement|person_first|obj_ball,24,48,0.5625,1.0,0.125,0.125,0,0.7708333333333334,0.625,0.9166666666666666,0.5416666666666666,0,0.5,1.0,0.0,0.0,0,0.9375
main_scenes,condition_id+target_order+object_id,physical_placement|object_first|obj_ball,24,48,0.4583333333333333,0.9166666666666666,0.0,0.0,0,0.5,1.0,0.0,0.0,0,0.5,1.0,0.0,0.0,0,0.9583333333333334
main_scenes,condition_id+target_order+object_id,physical_placement_fronted|person_first|obj_ball,24,48,0.7708333333333334,1.0,0.5416666666666666,0.5416666666666666,0,0.7291666666666666,0.4583333333333333,1.0,0.4583333333333333,0,0.5,1.0,0.0,0.0,0,0.7291666666666666
main_scenes,condition_id+target_order+object_id,physical_placement_fronted|object_first|obj_ball,24,48,0.375,0.5833333333333334,0.16666666666666666,0.08333333333333333,0,0.3958333333333333,0.7916666666666666,0.0,0.0,0,0.5208333333333334,1.0,0.041666666666666664,0.041666666666666664,0,0.7083333333333334
main_scenes,condition_id+target_order+object_id,physical_placement_person_subject|person_first|obj_ball,24,48,0.5625,0.9166666666666666,0.20833333333333334,0.20833333333333334,0,0.625,0.25,1.0,0.25,0,0.625,0.9583333333333334,0.2916666666666667,0.25,0,0.8541666666666666
main_scenes,condition_id+target_order+object_id,physical_placement_person_subject|object_first|obj_ball,24,48,0.4375,0.7916666666666666,0.08333333333333333,0.0,0,0.4583333333333333,0.9166666666666666,0.0,0.0,0,0.4166666666666667,0.7916666666666666,0.041666666666666664,0.0,0,0.8541666666666666
main_scenes,condition_id+target_order+object_id,physical_placement|person_first|obj_bag,20,40,0.65,1.0,0.3,0.3,0,0.8,0.65,0.95,0.6,0,0.5,1.0,0.0,0.0,0,0.85
main_scenes,condition_id+target_order+object_id,physical_placement|object_first|obj_bag,20,40,0.5,1.0,0.0,0.0,0,0.475,0.95,0.0,0.0,0,0.425,0.85,0.0,0.0,0,1.0
main_scenes,condition_id+target_order+object_id,physical_placement_fronted|person_first|obj_bag,20,40,0.6,1.0,0.2,0.2,0,0.8,0.8,0.8,0.6,0,0.6,1.0,0.2,0.2,0,0.9
main_scenes,condition_id+target_order+object_id,physical_placement_fronted|object_first|obj_bag,20,40,0.45,0.8,0.1,0.05,0,0.3,0.6,0.0,0.0,0,0.5,0.95,0.05,0.05,0,0.85
main_scenes,condition_id+target_order+object_id,physical_placement_person_subject|person_first|obj_bag,20,40,0.525,1.0,0.05,0.05,0,0.775,0.9,0.65,0.55,0,0.775,0.75,0.8,0.55,0,0.975
main_scenes,condition_id+target_order+object_id,physical_placement_person_subject|object_first|obj_bag,20,40,0.425,0.85,0.0,0.0,0,0.425,0.85,0.0,0.0,0,0.4,0.8,0.0,0.0,0,0.925
main_scenes,condition_id+target_order+object_id,physical_placement|person_first|obj_book,24,48,0.9166666666666666,1.0,0.8333333333333334,0.8333333333333334,0,0.8958333333333334,0.8333333333333334,0.9583333333333334,0.7916666666666666,0,0.5,1.0,0.0,0.0,0,0.5833333333333334
main_scenes,condition_id+target_order+object_id,physical_placement|object_first|obj_book,24,48,0.4791666666666667,0.9583333333333334,0.0,0.0,0,0.4166666666666667,0.8333333333333334,0.0,0.0,0,0.5,1.0,0.0,0.0,0,0.9791666666666666
main_scenes,condition_id+target_order+object_id,physical_placement_fronted|person_first|obj_book,24,48,0.8541666666666666,1.0,0.7083333333333334,0.7083333333333334,0,0.75,0.5833333333333334,0.9166666666666666,0.5,0,0.5,1.0,0.0,0.0,0,0.6458333333333334
main_scenes,condition_id+target_order+object_id,physical_placement_fronted|object_first|obj_book,24,48,0.4166666666666667,0.8333333333333334,0.0,0.0,0,0.4583333333333333,0.875,0.041666666666666664,0.041666666666666664,0,0.5,1.0,0.0,0.0,0,0.9166666666666666
main_scenes,condition_id+target_order+object_id,physical_placement_person_subject|person_first|obj_book,24,48,0.6875,1.0,0.375,0.375,0,0.875,0.9583333333333334,0.7916666666666666,0.75,0,0.6666666666666666,0.5833333333333334,0.75,0.3333333333333333,0,0.8125
main_scenes,condition_id+target_order+object_id,physical_placement_person_subject|object_first|obj_book,24,48,0.4166666666666667,0.8333333333333334,0.0,0.0,0,0.4375,0.875,0.0,0.0,0,0.4166666666666667,0.8333333333333334,0.0,0.0,0,0.9166666666666666
main_scenes,condition_id+target_order+object_id,physical_placement|person_first|obj_cone,8,16,0.625,1.0,0.25,0.25,0,0.5625,0.125,1.0,0.125,0,0.5625,1.0,0.125,0.125,0,0.875
main_scenes,condition_id+target_order+object_id,physical_placement|object_first|obj_cone,8,16,0.5,1.0,0.0,0.0,0,0.25,0.5,0.0,0.0,0,0.5,1.0,0.0,0.0,0,1.0
main_scenes,condition_id+target_order+object_id,physical_placement_fronted|person_first|obj_cone,8,16,0.625,1.0,0.25,0.25,0,0.5625,0.125,1.0,0.125,0,0.5,1.0,0.0,0.0,0,0.875
main_scenes,condition_id+target_order+object_id,physical_placement_fronted|object_first|obj_cone,8,16,0.3125,0.625,0.0,0.0,0,0.125,0.25,0.0,0.0,0,0.5,1.0,0.0,0.0,0,0.8125
main_scenes,condition_id+target_order+object_id,physical_placement_person_subject|person_first|obj_cone,8,16,0.75,0.875,0.625,0.625,0,0.5,0.0,1.0,0.0,0,0.5625,0.625,0.5,0.125,0,0.625
main_scenes,condition_id+target_order+object_id,physical_placement_person_subject|object_first|obj_cone,8,16,0.375,0.75,0.0,0.0,0,0.375,0.625,0.125,0.0,0,0.5,1.0,0.0,0.0,0,0.875
main_scenes,condition_id+target_order+object_id,physical_placement|person_first|obj_cup,8,16,0.625,1.0,0.25,0.25,0,0.6875,0.625,0.75,0.375,0,0.5,1.0,0.0,0.0,0,0.875
main_scenes,condition_id+target_order+object_id,physical_placement|object_first|obj_cup,8,16,0.3125,0.625,0.0,0.0,0,0.25,0.5,0.0,0.0,0,0.5,1.0,0.0,0.0,0,0.8125
main_scenes,condition_id+target_order+object_id,physical_placement_fronted|person_first|obj_cup,8,16,0.8125,1.0,0.625,0.625,0,0.875,0.75,1.0,0.75,0,0.5,1.0,0.0,0.0,0,0.6875
main_scenes,condition_id+target_order+object_id,physical_placement_fronted|object_first|obj_cup,8,16,0.375,0.75,0.0,0.0,0,0.25,0.5,0.0,0.0,0,0.5,1.0,0.0,0.0,0,0.875
main_scenes,condition_id+target_order+object_id,physical_placement_person_subject|person_first|obj_cup,8,16,0.625,1.0,0.25,0.25,0,0.875,0.875,0.875,0.75,0,0.8125,0.875,0.75,0.625,0,0.875
main_scenes,condition_id+target_order+object_id,physical_placement_person_subject|object_first|obj_cup,8,16,0.375,0.75,0.0,0.0,0,0.4375,0.875,0.0,0.0,0,0.4375,0.875,0.0,0.0,0,0.875
main_scenes,condition_id+target_order+object_id,physical_placement|person_first|obj_key,8,16,0.625,0.875,0.375,0.25,0,0.75,0.625,0.875,0.5,0,0.5,1.0,0.0,0.0,0,0.75
main_scenes,condition_id+target_order+object_id,physical_placement|object_first|obj_key,8,16,0.5625,0.875,0.25,0.125,0,0.6875,0.5,0.875,0.5,0,0.5,0.125,0.875,0.0,0,0.8125
main_scenes,condition_id+target_order+object_id,physical_placement_fronted|person_first|obj_key,8,16,0.8125,1.0,0.625,0.625,0,1.0,1.0,1.0,1.0,0,0.75,0.875,0.625,0.5,0,0.6875
main_scenes,condition_id+target_order+object_id,physical_placement_fronted|object_first|obj_key,8,16,0.5625,0.75,0.375,0.25,0,0.5625,0.375,0.75,0.375,0,0.5625,0.625,0.5,0.125,0,0.6875
main_scenes,condition_id+target_order+object_id,physical_placement_person_subject|person_first|obj_key,8,16,0.5625,1.0,0.125,0.125,0,0.9375,1.0,0.875,0.875,0,0.5,0.0,1.0,0.0,0,0.9375
main_scenes,condition_id+target_order+object_id,physical_placement_person_subject|object_first|obj_key,8,16,0.5,0.875,0.125,0.125,0,0.625,0.75,0.5,0.25,0,0.5,0.25,0.75,0.25,0,0.875
main_scenes,condition_id+target_order+object_id,physical_placement|person_first|obj_helmet,8,16,0.75,1.0,0.5,0.5,0,0.6875,0.5,0.875,0.375,0,0.5,1.0,0.0,0.0,0,0.75
main_scenes,condition_id+target_order+object_id,physical_placement|object_first|obj_helmet,8,16,0.5,1.0,0.0,0.0,0,0.5,1.0,0.0,0.0,0,0.5,1.0,0.0,0.0,0,1.0
main_scenes,condition_id+target_order+object_id,physical_placement_fronted|person_first|obj_helmet,8,16,0.8125,1.0,0.625,0.625,0,0.8125,0.625,1.0,0.625,0,0.5625,1.0,0.125,0.125,0,0.6875
main_scenes,condition_id+target_order+object_id,physical_placement_fronted|object_first|obj_helmet,8,16,0.375,0.75,0.0,0.0,0,0.4375,0.875,0.0,0.0,0,0.5625,1.0,0.125,0.125,0,0.875
main_scenes,condition_id+target_order+object_id,physical_placement_person_subject|person_first|obj_helmet,8,16,0.5,1.0,0.0,0.0,0,0.625,0.75,0.5,0.25,0,0.625,0.5,0.75,0.25,0,1.0
main_scenes,condition_id+target_order+object_id,physical_placement_person_subject|object_first|obj_helmet,8,16,0.4375,0.875,0.0,0.0,0,0.5,1.0,0.0,0.0,0,0.4375,0.875,0.0,0.0,0,0.9375
main_scenes,condition_id+target_order+object_id,physical_placement|person_first|obj_coin,4,8,1.0,1.0,1.0,1.0,0,0.625,0.5,0.75,0.25,0,0.625,1.0,0.25,0.25,0,0.5
main_scenes,condition_id+target_order+object_id,physical_placement|object_first|obj_coin,4,8,0.5,1.0,0.0,0.0,0,0.625,1.0,0.25,0.25,0,0.625,0.5,0.75,0.25,0,1.0
main_scenes,condition_id+target_order+object_id,physical_placement_fronted|person_first|obj_coin,4,8,1.0,1.0,1.0,1.0,0,0.75,0.5,1.0,0.5,0,0.75,1.0,0.5,0.5,0,0.5
main_scenes,condition_id+target_order+object_id,physical_placement_fronted|object_first|obj_coin,4,8,0.5,0.75,0.25,0.25,0,0.5,0.75,0.25,0.25,0,0.625,0.75,0.5,0.25,0,0.75
main_scenes,condition_id+target_order+object_id,physical_placement_person_subject|person_first|obj_coin,4,8,0.875,1.0,0.75,0.75,0,0.875,1.0,0.75,0.75,0,0.625,0.25,1.0,0.25,0,0.625
main_scenes,condition_id+target_order+object_id,physical_placement_person_subject|object_first|obj_coin,4,8,0.5,1.0,0.0,0.0,0,0.5,1.0,0.0,0.0,0,0.625,1.0,0.25,0.25,0,1.0
main_scenes,condition_id+target_order+object_id,physical_placement|person_first|obj_marble,4,8,0.625,1.0,0.25,0.25,0,0.75,0.5,1.0,0.5,0,0.5,0.5,0.5,0.0,0,0.875
main_scenes,condition_id+target_order+object_id,physical_placement|object_first|obj_marble,4,8,0.5,1.0,0.0,0.0,0,0.375,0.75,0.0,0.0,0,0.25,0.25,0.25,0.0,0,1.0
main_scenes,condition_id+target_order+object_id,physical_placement_fronted|person_first|obj_marble,4,8,0.75,1.0,0.5,0.5,0,0.875,0.75,1.0,0.75,0,0.875,0.75,1.0,0.75,0,0.75
main_scenes,condition_id+target_order+object_id,physical_placement_fronted|object_first|obj_marble,4,8,0.625,0.5,0.75,0.25,0,0.625,0.25,1.0,0.25,0,0.75,0.75,0.75,0.5,0,0.375
main_scenes,condition_id+target_order+object_id,physical_placement_person_subject|person_first|obj_marble,4,8,0.625,1.0,0.25,0.25,0,1.0,1.0,1.0,1.0,0,0.5,0.0,1.0,0.0,0,0.875
main_scenes,condition_id+target_order+object_id,physical_placement_person_subject|object_first|obj_marble,4,8,0.5,0.75,0.25,0.0,0,0.75,0.75,0.75,0.5,0,0.625,0.5,0.75,0.25,0,0.75
main_scenes,condition_id+target_order+object_id,physical_placement|person_first|obj_pebble,4,8,0.75,1.0,0.5,0.5,0,0.875,0.75,1.0,0.75,0,0.625,1.0,0.25,0.25,0,0.75
main_scenes,condition_id+target_order+object_id,physical_placement|object_first|obj_pebble,4,8,0.5,1.0,0.0,0.0,0,0.5,1.0,0.0,0.0,0,0.625,0.5,0.75,0.25,0,1.0
main_scenes,condition_id+target_order+object_id,physical_placement_fronted|person_first|obj_pebble,4,8,0.875,1.0,0.75,0.75,0,1.0,1.0,1.0,1.0,0,0.75,1.0,0.5,0.5,0,0.625
main_scenes,condition_id+target_order+object_id,physical_placement_fronted|object_first|obj_pebble,4,8,0.5,0.5,0.5,0.0,0,0.75,1.0,0.5,0.5,0,0.375,0.0,0.75,0.0,0,0.5
main_scenes,condition_id+target_order+object_id,physical_placement_person_subject|person_first|obj_pebble,4,8,0.75,1.0,0.5,0.5,0,1.0,1.0,1.0,1.0,0,0.5,0.0,1.0,0.0,0,0.75
main_scenes,condition_id+target_order+object_id,physical_placement_person_subject|object_first|obj_pebble,4,8,0.5,0.75,0.25,0.0,0,0.5,1.0,0.0,0.0,0,0.5,0.5,0.5,0.0,0,0.75
main_scenes,condition_id+target_order+name_id,physical_placement|person_first|name_0,28,56,0.9285714285714286,1.0,0.8571428571428571,0.8571428571428571,0,0.9642857142857143,0.9642857142857143,0.9642857142857143,0.9285714285714286,0,0.5,1.0,0.0,0.0,0,0.5714285714285714
main_scenes,condition_id+target_order+name_id,physical_placement|object_first|name_0,28,56,0.44642857142857145,0.8214285714285714,0.07142857142857142,0.03571428571428571,0,0.5,0.9285714285714286,0.07142857142857142,0.03571428571428571,0,0.5,0.9285714285714286,0.07142857142857142,0.0,0,0.875
main_scenes,condition_id+target_order+name_id,physical_placement_fronted|person_first|name_0,28,56,0.8392857142857143,1.0,0.6785714285714286,0.6785714285714286,0,0.8928571428571429,0.9642857142857143,0.8214285714285714,0.7857142857142857,0,0.5357142857142857,1.0,0.07142857142857142,0.07142857142857142,0,0.6607142857142857
main_scenes,condition_id+target_order+name_id,physical_placement_fronted|object_first|name_0,28,56,0.25,0.2857142857142857,0.21428571428571427,0.07142857142857142,0,0.30357142857142855,0.5,0.10714285714285714,0.0,0,0.5,0.9642857142857143,0.03571428571428571,0.03571428571428571,0,0.5357142857142857
main_scenes,condition_id+target_order+name_id,physical_placement_person_subject|person_first|name_0,28,56,0.7857142857142857,0.9642857142857143,0.6071428571428571,0.6071428571428571,0,0.6964285714285714,0.7857142857142857,0.6071428571428571,0.39285714285714285,0,0.6428571428571429,0.6785714285714286,0.6071428571428571,0.2857142857142857,0,0.6785714285714286
main_scenes,condition_id+target_order+name_id,physical_placement_person_subject|object_first|name_0,28,56,0.23214285714285715,0.2857142857142857,0.17857142857142858,0.03571428571428571,0,0.35714285714285715,0.6071428571428571,0.10714285714285714,0.07142857142857142,0,0.375,0.6785714285714286,0.07142857142857142,0.03571428571428571,0,0.5535714285714286
main_scenes,condition_id+target_order+name_id,physical_placement|person_first|name_1,28,56,0.6071428571428571,1.0,0.21428571428571427,0.21428571428571427,0,0.625,0.25,1.0,0.25,0,0.5535714285714286,0.9642857142857143,0.14285714285714285,0.10714285714285714,0,0.8928571428571429
main_scenes,condition_id+target_order+name_id,physical_placement|object_first|name_1,28,56,0.4642857142857143,0.9285714285714286,0.0,0.0,0,0.48214285714285715,0.9285714285714286,0.03571428571428571,0.03571428571428571,0,0.48214285714285715,0.8214285714285714,0.14285714285714285,0.0,0,0.9642857142857143
main_scenes,condition_id+target_order+name_id,physical_placement_fronted|person_first|name_1,28,56,0.6071428571428571,1.0,0.21428571428571427,0.21428571428571427,0,0.6607142857142857,0.32142857142857145,1.0,0.32142857142857145,0,0.5714285714285714,0.9285714285714286,0.21428571428571427,0.14285714285714285,0,0.8928571428571429
main_scenes,condition_id+target_order+name_id,physical_placement_fronted|object_first|name_1,28,56,0.44642857142857145,0.6071428571428571,0.2857142857142857,0.14285714285714285,0,0.48214285714285715,0.8928571428571429,0.07142857142857142,0.07142857142857142,0,0.5357142857142857,0.8214285714285714,0.25,0.10714285714285714,0,0.6607142857142857
main_scenes,condition_id+target_order+name_id,physical_placement_person_subject|person_first|name_1,28,56,0.5535714285714286,1.0,0.10714285714285714,0.10714285714285714,0,0.7857142857142857,0.5714285714285714,1.0,0.5714285714285714,0,0.6785714285714286,0.5357142857142857,0.8214285714285714,0.35714285714285715,0,0.9464285714285714
main_scenes,condition_id+target_order+name_id,physical_placement_person_subject|object_first|name_1,28,56,0.5,1.0,0.0,0.0,0,0.5,1.0,0.0,0.0,0,0.375,0.6428571428571429,0.10714285714285714,0.0,0,1.0
main_scenes,condition_id+target_order+name_id,physical_placement|person_first|name_2,28,56,0.6428571428571429,1.0,0.2857142857142857,0.2857142857142857,0,0.7857142857142857,0.8571428571428571,0.7142857142857143,0.5714285714285714,0,0.5,1.0,0.0,0.0,0,0.8571428571428571
main_scenes,condition_id+target_order+name_id,physical_placement|object_first|name_2,28,56,0.5,1.0,0.0,0.0,0,0.44642857142857145,0.8214285714285714,0.07142857142857142,0.03571428571428571,0,0.5,0.8571428571428571,0.14285714285714285,0.07142857142857142,0,1.0
main_scenes,condition_id+target_order+name_id,physical_placement_fronted|person_first|name_2,28,56,0.9107142857142857,1.0,0.8214285714285714,0.8214285714285714,0,0.875,0.7857142857142857,0.9642857142857143,0.75,0,0.625,1.0,0.25,0.25,0,0.5892857142857143
main_scenes,condition_id+target_order+name_id,physical_placement_fronted|object_first|name_2,28,56,0.5178571428571429,1.0,0.03571428571428571,0.03571428571428571,0,0.44642857142857145,0.75,0.14285714285714285,0.07142857142857142,0,0.5357142857142857,0.9285714285714286,0.14285714285714285,0.07142857142857142,0,0.9821428571428571
main_scenes,condition_id+target_order+name_id,physical_placement_person_subject|person_first|name_2,28,56,0.6071428571428571,0.9285714285714286,0.2857142857142857,0.2857142857142857,0,0.7857142857142857,0.8214285714285714,0.75,0.5714285714285714,0,0.6428571428571429,0.5,0.7857142857142857,0.2857142857142857,0,0.8214285714285714
main_scenes,condition_id+target_order+name_id,physical_placement_person_subject|object_first|name_2,28,56,0.5,1.0,0.0,0.0,0,0.5178571428571429,0.8928571428571429,0.14285714285714285,0.07142857142857142,0,0.5357142857142857,0.9642857142857143,0.10714285714285714,0.07142857142857142,0,1.0
main_scenes,condition_id+target_order+name_id,physical_placement|person_first|name_3,28,56,0.6428571428571429,0.9642857142857143,0.32142857142857145,0.2857142857142857,0,0.7142857142857143,0.42857142857142855,1.0,0.42857142857142855,0,0.5,0.9642857142857143,0.03571428571428571,0.0,0,0.8214285714285714
main_scenes,condition_id+target_order+name_id,physical_placement|object_first|name_3,28,56,0.5,1.0,0.0,0.0,0,0.39285714285714285,0.6785714285714286,0.10714285714285714,0.07142857142857142,0,0.4642857142857143,0.7857142857142857,0.14285714285714285,0.0,0,1.0
main_scenes,condition_id+target_order+name_id,physical_placement_fronted|person_first|name_3,28,56,0.7142857142857143,1.0,0.42857142857142855,0.42857142857142855,0,0.7142857142857143,0.42857142857142855,1.0,0.42857142857142855,0,0.5535714285714286,1.0,0.10714285714285714,0.10714285714285714,0,0.7857142857142857
main_scenes,condition_id+target_order+name_id,physical_placement_fronted|object_first|name_3,28,56,0.48214285714285715,0.9642857142857143,0.0,0.0,0,0.375,0.5714285714285714,0.17857142857142858,0.14285714285714285,0,0.5178571428571429,0.9285714285714286,0.10714285714285714,0.03571428571428571,0,0.9821428571428571
main_scenes,condition_id+target_order+name_id,physical_placement_person_subject|person_first|name_3,28,56,0.5178571428571429,1.0,0.03571428571428571,0.03571428571428571,0,0.8214285714285714,0.6785714285714286,0.9642857142857143,0.6428571428571429,0,0.6428571428571429,0.75,0.5357142857142857,0.2857142857142857,0,0.9821428571428571
main_scenes,condition_id+target_order+name_id,physical_placement_person_subject|object_first|name_3,28,56,0.5,1.0,0.0,0.0,0,0.5,0.9642857142857143,0.03571428571428571,0.0,0,0.5,0.8214285714285714,0.17857142857142858,0.03571428571428571,0,1.0
main_scenes,scene_id,between_feet,96,192,0.578125,0.8854166666666666,0.2708333333333333,0.2604166666666667,0,0.5104166666666666,0.5520833333333334,0.46875,0.16666666666666666,0,0.5416666666666666,0.9375,0.14583333333333334,0.09375,0,0.8072916666666666
main_scenes,scene_id,in_hand,96,192,0.5364583333333334,0.8541666666666666,0.21875,0.19791666666666666,0,0.6302083333333334,0.7604166666666666,0.5,0.375,0,0.5104166666666666,0.8125,0.20833333333333334,0.07291666666666667,0,0.8177083333333334
main_scenes,scene_id,on_lap,96,192,0.5364583333333334,0.9166666666666666,0.15625,0.13541666666666666,0,0.6510416666666666,0.8854166666666666,0.4166666666666667,0.34375,0,0.5104166666666666,0.84375,0.17708333333333334,0.07291666666666667,0,0.8802083333333334
main_scenes,scene_id,against_elbow,96,192,0.5416666666666666,0.8854166666666666,0.19791666666666666,0.1875,0,0.53125,0.625,0.4375,0.21875,0,0.5,0.8958333333333334,0.10416666666666667,0.052083333333333336,0,0.84375
main_scenes,scene_id,neighboring_seat,96,192,0.6302083333333334,0.9895833333333334,0.2708333333333333,0.2604166666666667,0,0.640625,0.8125,0.46875,0.28125,0,0.5520833333333334,1.0,0.10416666666666667,0.10416666666666667,0,0.859375
main_scenes,scene_id,shared_floor_tile,96,192,0.5052083333333334,0.8958333333333334,0.11458333333333333,0.11458333333333333,0,0.5520833333333334,0.625,0.4791666666666667,0.20833333333333334,0,0.5052083333333334,0.9479166666666666,0.0625,0.052083333333333336,0,0.890625
main_scenes,scene_id,worn_jacket_pocket,96,192,0.6666666666666666,0.9166666666666666,0.4166666666666667,0.34375,0,0.75,0.8125,0.6875,0.5208333333333334,0,0.6041666666666666,0.53125,0.6770833333333334,0.23958333333333334,0,0.75
main_scenes,scene_role,main,672,1344,0.5706845238095238,0.90625,0.23511904761904762,0.21428571428571427,0,0.609375,0.7247023809523809,0.49404761904761907,0.3020833333333333,0,0.5319940476190477,0.8526785714285714,0.2113095238095238,0.09821428571428571,0,0.8355654761904762
main_scenes,scene_id+target_order,between_feet|person_first,48,96,0.7604166666666666,1.0,0.5208333333333334,0.5208333333333334,0,0.6666666666666666,0.4166666666666667,0.9166666666666666,0.3333333333333333,0,0.59375,0.8958333333333334,0.2916666666666667,0.1875,0,0.7395833333333334
main_scenes,scene_id+target_order,between_feet|object_first,48,96,0.3958333333333333,0.7708333333333334,0.020833333333333332,0.0,0,0.3541666666666667,0.6875,0.020833333333333332,0.0,0,0.4895833333333333,0.9791666666666666,0.0,0.0,0,0.875
main_scenes,scene_id+target_order,in_hand|person_first,48,96,0.6979166666666666,1.0,0.3958333333333333,0.3958333333333333,0,0.875,0.8958333333333334,0.8541666666666666,0.75,0,0.5729166666666666,0.8333333333333334,0.3125,0.14583333333333334,0,0.8020833333333334
main_scenes,scene_id+target_order,in_hand|object_first,48,96,0.375,0.7083333333333334,0.041666666666666664,0.0,0,0.3854166666666667,0.625,0.14583333333333334,0.0,0,0.4479166666666667,0.7916666666666666,0.10416666666666667,0.0,0,0.8333333333333334
main_scenes,scene_id+target_order,on_lap|person_first,48,96,0.6354166666666666,1.0,0.2708333333333333,0.2708333333333333,0,0.84375,0.8541666666666666,0.8333333333333334,0.6875,0,0.5729166666666666,0.7916666666666666,0.3541666666666667,0.14583333333333334,0,0.8645833333333334
main_scenes,scene_id+target_order,on_lap|object_first,48,96,0.4375,0.8333333333333334,0.041666666666666664,0.0,0,0.4583333333333333,0.9166666666666666,0.0,0.0,0,0.4479166666666667,0.8958333333333334,0.0,0.0,0,0.8958333333333334
main_scenes,scene_id+target_order,against_elbow|person_first,48,96,0.6875,1.0,0.375,0.375,0,0.71875,0.5625,0.875,0.4375,0,0.5520833333333334,0.9166666666666666,0.1875,0.10416666666666667,0,0.8125
main_scenes,scene_id+target_order,against_elbow|object_first,48,96,0.3958333333333333,0.7708333333333334,0.020833333333333332,0.0,0,0.34375,0.6875,0.0,0.0,0,0.4479166666666667,0.875,0.020833333333333332,0.0,0,0.875
main_scenes,scene_id+target_order,neighboring_seat|person_first,48,96,0.7291666666666666,1.0,0.4583333333333333,0.4583333333333333,0,0.7708333333333334,0.625,0.9166666666666666,0.5416666666666666,0,0.5729166666666666,1.0,0.14583333333333334,0.14583333333333334,0,0.7708333333333334
main_scenes,scene_id+target_order,neighboring_seat|object_first,48,96,0.53125,0.9791666666666666,0.08333333333333333,0.0625,0,0.5104166666666666,1.0,0.020833333333333332,0.020833333333333332,0,0.53125,1.0,0.0625,0.0625,0,0.9479166666666666
main_scenes,scene_id+target_order,shared_floor_tile|person_first,48,96,0.5833333333333334,0.9375,0.22916666666666666,0.22916666666666666,0,0.7083333333333334,0.4583333333333333,0.9583333333333334,0.4166666666666667,0,0.5520833333333334,0.9791666666666666,0.125,0.10416666666666667,0,0.8541666666666666
main_scenes,scene_id+target_order,shared_floor_tile|object_first,48,96,0.4270833333333333,0.8541666666666666,0.0,0.0,0,0.3958333333333333,0.7916666666666666,0.0,0.0,0,0.4583333333333333,0.9166666666666666,0.0,0.0,0,0.9270833333333334
main_scenes,scene_id+target_order,worn_jacket_pocket|person_first,48,96,0.78125,0.9791666666666666,0.5833333333333334,0.5625,0,0.8541666666666666,0.7708333333333334,0.9375,0.7083333333333334,0,0.6354166666666666,0.6041666666666666,0.6666666666666666,0.2708333333333333,0,0.6979166666666666
main_scenes,scene_id+target_order,worn_jacket_pocket|object_first,48,96,0.5520833333333334,0.8541666666666666,0.25,0.125,0,0.6458333333333334,0.8541666666666666,0.4375,0.3333333333333333,0,0.5729166666666666,0.4583333333333333,0.6875,0.20833333333333334,0,0.8020833333333334
main_scenes,scene_id+context_structure+target_order,between_feet|object_subject|person_first,16,32,0.71875,1.0,0.4375,0.4375,0,0.6875,0.375,1.0,0.375,0,0.53125,1.0,0.0625,0.0625,0,0.78125
main_scenes,scene_id+context_structure+target_order,between_feet|object_subject|object_first,16,32,0.5,1.0,0.0,0.0,0,0.40625,0.8125,0.0,0.0,0,0.5,1.0,0.0,0.0,0,1.0
main_scenes,scene_id+context_structure+target_order,between_feet|fronted_location|person_first,16,32,0.8125,1.0,0.625,0.625,0,0.59375,0.3125,0.875,0.1875,0,0.5,1.0,0.0,0.0,0,0.6875
main_scenes,scene_id+context_structure+target_order,between_feet|fronted_location|object_first,16,32,0.3125,0.5625,0.0625,0.0,0,0.28125,0.5625,0.0,0.0,0,0.5,1.0,0.0,0.0,0,0.75
main_scenes,scene_id+context_structure+target_order,between_feet|person_subject|person_first,16,32,0.75,1.0,0.5,0.5,0,0.71875,0.5625,0.875,0.4375,0,0.75,0.6875,0.8125,0.5,0,0.75
main_scenes,scene_id+context_structure+target_order,between_feet|person_subject|object_first,16,32,0.375,0.75,0.0,0.0,0,0.375,0.6875,0.0625,0.0,0,0.46875,0.9375,0.0,0.0,0,0.875
main_scenes,scene_id+context_structure+target_order,in_hand|object_subject|person_first,16,32,0.6875,1.0,0.375,0.375,0,0.8125,0.875,0.75,0.625,0,0.5,1.0,0.0,0.0,0,0.8125
main_scenes,scene_id+context_structure+target_order,in_hand|object_subject|object_first,16,32,0.375,0.6875,0.0625,0.0,0,0.375,0.5625,0.1875,0.0,0,0.5,0.8125,0.1875,0.0,0,0.8125
main_scenes,scene_id+context_structure+target_order,in_hand|fronted_location|person_first,16,32,0.84375,1.0,0.6875,0.6875,0,0.90625,0.875,0.9375,0.8125,0,0.53125,1.0,0.0625,0.0625,0,0.65625
main_scenes,scene_id+context_structure+target_order,in_hand|fronted_location|object_first,16,32,0.375,0.6875,0.0625,0.0,0,0.34375,0.5625,0.125,0.0,0,0.5,1.0,0.0,0.0,0,0.8125
main_scenes,scene_id+context_structure+target_order,in_hand|person_subject|person_first,16,32,0.5625,1.0,0.125,0.125,0,0.90625,0.9375,0.875,0.8125,0,0.6875,0.5,0.875,0.375,0,0.9375
main_scenes,scene_id+context_structure+target_order,in_hand|person_subject|object_first,16,32,0.375,0.75,0.0,0.0,0,0.4375,0.75,0.125,0.0,0,0.34375,0.5625,0.125,0.0,0,0.875
main_scenes,scene_id+context_structure+target_order,on_lap|object_subject|person_first,16,32,0.6875,1.0,0.375,0.375,0,0.8125,0.8125,0.8125,0.625,0,0.5,1.0,0.0,0.0,0,0.8125
main_scenes,scene_id+context_structure+target_order,on_lap|object_subject|object_first,16,32,0.5,1.0,0.0,0.0,0,0.5,1.0,0.0,0.0,0,0.5,1.0,0.0,0.0,0,1.0
main_scenes,scene_id+context_structure+target_order,on_lap|fronted_location|person_first,16,32,0.6875,1.0,0.375,0.375,0,0.90625,0.875,0.9375,0.8125,0,0.5625,1.0,0.125,0.125,0,0.8125
main_scenes,scene_id+context_structure+target_order,on_lap|fronted_location|object_first,16,32,0.40625,0.75,0.0625,0.0,0,0.4375,0.875,0.0,0.0,0,0.5,1.0,0.0,0.0,0,0.84375
main_scenes,scene_id+context_structure+target_order,on_lap|person_subject|person_first,16,32,0.53125,1.0,0.0625,0.0625,0,0.8125,0.875,0.75,0.625,0,0.65625,0.375,0.9375,0.3125,0,0.96875
main_scenes,scene_id+context_structure+target_order,on_lap|person_subject|object_first,16,32,0.40625,0.75,0.0625,0.0,0,0.4375,0.875,0.0,0.0,0,0.34375,0.6875,0.0,0.0,0,0.84375
main_scenes,scene_id+context_structure+target_order,against_elbow|object_subject|person_first,16,32,0.71875,1.0,0.4375,0.4375,0,0.75,0.5625,0.9375,0.5,0,0.5,1.0,0.0,0.0,0,0.78125
main_scenes,scene_id+context_structure+target_order,against_elbow|object_subject|object_first,16,32,0.4375,0.875,0.0,0.0,0,0.34375,0.6875,0.0,0.0,0,0.5,1.0,0.0,0.0,0,0.9375
main_scenes,scene_id+context_structure+target_order,against_elbow|fronted_location|person_first,16,32,0.71875,1.0,0.4375,0.4375,0,0.71875,0.5,0.9375,0.4375,0,0.5,1.0,0.0,0.0,0,0.78125
main_scenes,scene_id+context_structure+target_order,against_elbow|fronted_location|object_first,16,32,0.34375,0.625,0.0625,0.0,0,0.25,0.5,0.0,0.0,0,0.5,1.0,0.0,0.0,0,0.78125
main_scenes,scene_id+context_structure+target_order,against_elbow|person_subject|person_first,16,32,0.625,1.0,0.25,0.25,0,0.6875,0.625,0.75,0.375,0,0.65625,0.75,0.5625,0.3125,0,0.875
main_scenes,scene_id+context_structure+target_order,against_elbow|person_subject|object_first,16,32,0.40625,0.8125,0.0,0.0,0,0.4375,0.875,0.0,0.0,0,0.34375,0.625,0.0625,0.0,0,0.90625
main_scenes,scene_id+context_structure+target_order,neighboring_seat|object_subject|person_first,16,32,0.78125,1.0,0.5625,0.5625,0,0.875,0.75,1.0,0.75,0,0.5,1.0,0.0,0.0,0,0.71875
main_scenes,scene_id+context_structure+target_order,neighboring_seat|object_subject|object_first,16,32,0.5,1.0,0.0,0.0,0,0.5,1.0,0.0,0.0,0,0.5,1.0,0.0,0.0,0,1.0
main_scenes,scene_id+context_structure+target_order,neighboring_seat|fronted_location|person_first,16,32,0.78125,1.0,0.5625,0.5625,0,0.71875,0.5,0.9375,0.4375,0,0.5,1.0,0.0,0.0,0,0.71875
main_scenes,scene_id+context_structure+target_order,neighboring_seat|fronted_location|object_first,16,32,0.59375,1.0,0.1875,0.1875,0,0.53125,1.0,0.0625,0.0625,0,0.59375,1.0,0.1875,0.1875,0,0.90625
main_scenes,scene_id+context_structure+target_order,neighboring_seat|person_subject|person_first,16,32,0.625,1.0,0.25,0.25,0,0.71875,0.625,0.8125,0.4375,0,0.71875,1.0,0.4375,0.4375,0,0.875
main_scenes,scene_id+context_structure+target_order,neighboring_seat|person_subject|object_first,16,32,0.5,0.9375,0.0625,0.0,0,0.5,1.0,0.0,0.0,0,0.5,1.0,0.0,0.0,0,0.9375
main_scenes,scene_id+context_structure+target_order,shared_floor_tile|object_subject|person_first,16,32,0.59375,1.0,0.1875,0.1875,0,0.75,0.5,1.0,0.5,0,0.5,1.0,0.0,0.0,0,0.90625
main_scenes,scene_id+context_structure+target_order,shared_floor_tile|object_subject|object_first,16,32,0.5,1.0,0.0,0.0,0,0.4375,0.875,0.0,0.0,0,0.40625,0.8125,0.0,0.0,0,1.0
main_scenes,scene_id+context_structure+target_order,shared_floor_tile|fronted_location|person_first,16,32,0.65625,1.0,0.3125,0.3125,0,0.75,0.5,1.0,0.5,0,0.59375,1.0,0.1875,0.1875,0,0.84375
main_scenes,scene_id+context_structure+target_order,shared_floor_tile|fronted_location|object_first,16,32,0.34375,0.6875,0.0,0.0,0,0.28125,0.5625,0.0,0.0,0,0.46875,0.9375,0.0,0.0,0,0.84375
main_scenes,scene_id+context_structure+target_order,shared_floor_tile|person_subject|person_first,16,32,0.5,0.8125,0.1875,0.1875,0,0.625,0.375,0.875,0.25,0,0.5625,0.9375,0.1875,0.125,0,0.8125
main_scenes,scene_id+context_structure+target_order,shared_floor_tile|person_subject|object_first,16,32,0.4375,0.875,0.0,0.0,0,0.46875,0.9375,0.0,0.0,0,0.5,1.0,0.0,0.0,0,0.9375
main_scenes,scene_id+context_structure+target_order,worn_jacket_pocket|object_subject|person_first,16,32,0.75,0.9375,0.5625,0.5,0,0.71875,0.5,0.9375,0.4375,0,0.5625,0.875,0.25,0.125,0,0.6875
main_scenes,scene_id+context_structure+target_order,worn_jacket_pocket|object_subject|object_first,16,32,0.53125,1.0,0.0625,0.0625,0,0.625,0.9375,0.3125,0.3125,0,0.5,0.3125,0.6875,0.125,0,0.96875
main_scenes,scene_id+context_structure+target_order,worn_jacket_pocket|fronted_location|person_first,16,32,0.875,1.0,0.75,0.75,0,0.90625,0.8125,1.0,0.8125,0,0.8125,0.875,0.75,0.625,0,0.625
main_scenes,scene_id+context_structure+target_order,worn_jacket_pocket|fronted_location|object_first,16,32,0.59375,0.6875,0.5,0.25,0,0.6875,0.6875,0.6875,0.4375,0,0.59375,0.4375,0.75,0.25,0,0.59375
main_scenes,scene_id+context_structure+target_order,worn_jacket_pocket|person_subject|person_first,16,32,0.71875,1.0,0.4375,0.4375,0,0.9375,1.0,0.875,0.875,0,0.53125,0.0625,1.0,0.0625,0,0.78125
main_scenes,scene_id+context_structure+target_order,worn_jacket_pocket|person_subject|object_first,16,32,0.53125,0.875,0.1875,0.0625,0,0.625,0.9375,0.3125,0.25,0,0.625,0.625,0.625,0.25,0,0.84375
