grouping,group,n_pairs,n_judgments,raw_accuracy,raw_closer_accuracy,raw_farther_accuracy,raw_both_correct,pmi_accuracy,pmi_closer_accuracy,pmi_farther_accuracy,pmi_both_correct,context_accuracy,context_closer_accuracy,context_farther_accuracy,context_both_correct,raw_close_choice_fraction
overall,all,1332,2664,0.49024024024024027,0.7785285285285285,0.20195195195195195,0.012762762762762763,0.47484984984984985,0.05105105105105105,0.8986486486486487,0.0,0.4752252252252252,0.8768768768768769,0.07357357357357357,0.03303303303303303,0.7882882882882883
numeric_information,absent,36,72,0.4722222222222222,0.9166666666666666,0.027777777777777776,0.0,0.4861111111111111,0.027777777777777776,0.9444444444444444,0.0,0.5,0.8611111111111112,0.1388888888888889,0.05555555555555555,0.9444444444444444
numeric_information,specific,1296,2592,0.49074074074074076,0.7746913580246914,0.20679012345679013,0.013117283950617283,0.47453703703703703,0.05169753086419753,0.8973765432098766,0.0,0.47453703703703703,0.8773148148148148,0.07175925925925926,0.032407407407407406,0.7839506172839507
numeric_information+length_band,absent|compact,12,24,0.4166666666666667,0.8333333333333334,0.0,0.0,0.4583333333333333,0.0,0.9166666666666666,0.0,0.5,1.0,0.0,0.0,0.9166666666666666
numeric_information+length_band,absent|standard,12,24,0.5,1.0,0.0,0.0,0.5,0.08333333333333333,0.9166666666666666,0.0,0.4583333333333333,0.6666666666666666,0.25,0.08333333333333333,1.0
numeric_information+length_band,absent|expanded,12,24,0.5,0.9166666666666666,0.08333333333333333,0.0,0.5,0.0,1.0,0.0,0.5416666666666666,0.9166666666666666,0.16666666666666666,0.08333333333333333,0.9166666666666666
numeric_information+length_band,specific|compact,432,864,0.4583333333333333,0.5486111111111112,0.3680555555555556,0.0,0.4976851851851852,0.0,0.9953703703703703,0.0,0.4340277777777778,0.7152777777777778,0.1527777777777778,0.034722222222222224,0.5902777777777778
numeric_information+length_band,specific|standard,432,864,0.4988425925925926,0.9976851851851852,0.0,0.0,0.42592592592592593,0.10185185185185185,0.75,0.0,0.4583333333333333,0.9166666666666666,0.0,0.0,0.9988425925925926
numeric_information+length_band,specific|expanded,432,864,0.5150462962962963,0.7777777777777778,0.2523148148148148,0.03935185185185185,0.5,0.05324074074074074,0.9467592592592593,0.0,0.53125,1.0,0.0625,0.0625,0.7627314814814815
