id,role,evidence_type,setting,object_ids,close_location,person_close,far_location,assumption
between_feet,main,body_part,gym,"[""obj_ball"", ""obj_bag"", ""obj_book"", ""obj_cone""]",between {name}'s feet,{name} has the {object} between their feet.,across the full length of a long gym from,Body-part location anchors the object to the person.
in_hand,main,held_object,courtyard,"[""obj_ball"", ""obj_cup"", ""obj_key"", ""obj_book""]",in {name}'s hand,{name} holds the {object} in their hand.,across the full width of a large courtyard from,The object is held in the person's hand.
on_lap,main,body_part,auditorium,"[""obj_book"", ""obj_bag"", ""obj_ball"", ""obj_helmet""]",on {name}'s lap,{name} has the {object} on their lap.,across the full depth of a large auditorium from,The object rests on the person's lap.
against_elbow,main,body_contact,workshop,"[""obj_ball"", ""obj_book"", ""obj_cup"", ""obj_bag""]",against {name}'s elbow,{name} has the {object} against their elbow.,across the full length of a large workshop from,Against indicates contact with the person's elbow.
neighboring_seat,main,adjacent_surface,waiting_room,"[""obj_bag"", ""obj_book"", ""obj_helmet"", ""obj_ball""]",on the seat immediately beside {name},{name} sits immediately beside the seat holding the {object}.,across the full width of a large waiting room from,The seat is immediately beside the person; this scene contains the proximity cue beside.
shared_floor_tile,main,shared_small_surface,hall,"[""obj_ball"", ""obj_bag"", ""obj_book"", ""obj_cone""]",on the small floor tile under {name}'s feet,{name} stands on the same small floor tile as the {object}.,across the full length of a large hall from,The small tile under the person's feet is their standing location.
worn_jacket_pocket,main,explicit_worn_clothing,hallway,"[""obj_key"", ""obj_coin"", ""obj_marble"", ""obj_pebble""]",inside the pocket of the jacket {name} is wearing,{name} is wearing the jacket with the {object} inside its pocket.,across the full length of a long hallway from,Wearing is stated explicitly; only pocket-sized objects are eligible.
between_owned_shoes,ambiguity_control,owned_clothing_unanchored,gym,"[""obj_ball"", ""obj_bag"", ""obj_book"", ""obj_cone""]",between {name}'s shoes,{name} has the {object} between their shoes.,across the full length of a long gym from,Close is the intended label only under an unstated worn-shoes assumption; ownership alone does not entail proximity to the person.
between_worn_shoes,explicit_clothing_control,explicit_worn_clothing,gym,"[""obj_ball"", ""obj_bag"", ""obj_book"", ""obj_cone""]",between the shoes {name} is wearing,{name} is wearing the shoes with the {object} between them.,across the full length of a long gym from,"Wearing is stated explicitly, anchoring the shoes to the person."
